[{"pk": 1, "model": "restaurants.user", "fields": {"lastName": "Jons", "apikey": "a73021a4f86ddaf8d052160dfe7af012", "password": "1234", "email": "siggijons27@gmail.com", "firstName": "Siggi"}}, {"pk": 2, "model": "restaurants.user", "fields": {"lastName": "Jons", "apikey": "a46786527f038ed67c1b3d32d8abd6d2", "password": "1234", "email": "sij16@hi.is", "firstName": "Siggi"}}, {"pk": 3, "model": "restaurants.user", "fields": {"lastName": "Jons", "apikey": "0c75246ee96658fc0aa1788ede9ad640", "password": "testari", "email": "test4@hi.is", "firstName": "Siggi"}}, {"pk": 4, "model": "restaurants.user", "fields": {"lastName": "Testsson", "apikey": "9432c0609011380e55ab73a33779b93b", "password": "test", "email": "test@test.is", "firstName": "Testari"}}, {"pk": 5, "model": "restaurants.user", "fields": {"lastName": "gunn", "apikey": "854dbef60ce8d064894b80554baffe57", "password": "k", "email": "h@gmail.com", "firstName": "halli"}}, {"pk": 6, "model": "restaurants.user", "fields": {"lastName": "Bragason", "apikey": "8bdab1ca95c3e6ad2b75415f522fce3e", "password": "1234", "email": "arnaringib@gmail.com", "firstName": "Arnar Ingi"}}, {"pk": 7, "model": "restaurants.user", "fields": {"lastName": "b", "apikey": "4822c7306ed89e47b492a03f8e5bf990", "password": "bla", "email": "bob\t@gmail.com", "firstName": "b\t"}}, {"pk": 8, "model": "restaurants.user", "fields": {"lastName": "bergsd", "apikey": "d8605e732c346a90c2060dd718dc7179", "password": "a", "email": "beggaboo85@gmail.com", "firstName": "Berglind"}}, {"pk": 9, "model": "restaurants.user", "fields": {"lastName": "", "apikey": "825325f51a0a0496ff6383b731b6f85b", "password": "", "email": "", "firstName": ""}}, {"pk": 10, "model": "restaurants.user", "fields": {"lastName": "i", "apikey": "f9125f6a73d63f8f3e556cf3e3290bf2", "password": "i", "email": "i@gmail.com", "firstName": "i"}}, {"pk": 11, "model": "restaurants.user", "fields": {"lastName": "p", "apikey": "4d8c6205c8e504452dcf848946114f7e", "password": "p", "email": "p@gmail.com", "firstName": "p"}}, {"pk": 12, "model": "restaurants.user", "fields": {"lastName": "testari", "apikey": "cd0544f01134977e090f8fd0b3c643ee", "password": "1234", "email": "testarinn@gmail.com", "firstName": "testari"}}, {"pk": 13, "model": "restaurants.user", "fields": {"lastName": "gunn", "apikey": "7ef1040487014f06c403888ef992b302", "password": "halli", "email": "halli@gmail.com", "firstName": "halli"}}, {"pk": 1, "model": "restaurants.pricegroup", "fields": {"name": "Pricegroup 1"}}, {"pk": 2, "model": "restaurants.pricegroup", "fields": {"name": "Pricegroup 2"}}, {"pk": 3, "model": "restaurants.pricegroup", "fields": {"name": "Pricegroup 3"}}, {"pk": 1, "model": "restaurants.type", "fields": {"name": "Bakery"}}, {"pk": 2, "model": "restaurants.type", "fields": {"name": "Barbecue"}}, {"pk": 3, "model": "restaurants.type", "fields": {"name": "Bistro"}}, {"pk": 4, "model": "restaurants.type", "fields": {"name": "Buffet"}}, {"pk": 5, "model": "restaurants.type", "fields": {"name": "Caf\u00e9"}}, {"pk": 6, "model": "restaurants.type", "fields": {"name": "Casual"}}, {"pk": 7, "model": "restaurants.type", "fields": {"name": "Chicken"}}, {"pk": 8, "model": "restaurants.type", "fields": {"name": "Chinese"}}, {"pk": 9, "model": "restaurants.type", "fields": {"name": "Coffeehouse"}}, {"pk": 10, "model": "restaurants.type", "fields": {"name": "Diner"}}, {"pk": 11, "model": "restaurants.type", "fields": {"name": "Drive-in"}}, {"pk": 12, "model": "restaurants.type", "fields": {"name": "Fast food"}}, {"pk": 13, "model": "restaurants.type", "fields": {"name": "Fish"}}, {"pk": 14, "model": "restaurants.type", "fields": {"name": "Grilled"}}, {"pk": 15, "model": "restaurants.type", "fields": {"name": "Hamburger"}}, {"pk": 16, "model": "restaurants.type", "fields": {"name": "Health food"}}, {"pk": 17, "model": "restaurants.type", "fields": {"name": "Hot Dog"}}, {"pk": 18, "model": "restaurants.type", "fields": {"name": "Ice cream"}}, {"pk": 19, "model": "restaurants.type", "fields": {"name": "Indian"}}, {"pk": 20, "model": "restaurants.type", "fields": {"name": "Italian"}}, {"pk": 21, "model": "restaurants.type", "fields": {"name": "Japanese"}}, {"pk": 22, "model": "restaurants.type", "fields": {"name": "Juice Bar"}}, {"pk": 23, "model": "restaurants.type", "fields": {"name": "Mexican"}}, {"pk": 24, "model": "restaurants.type", "fields": {"name": "Pizza"}}, {"pk": 25, "model": "restaurants.type", "fields": {"name": "Pub"}}, {"pk": 26, "model": "restaurants.type", "fields": {"name": "Sandwich"}}, {"pk": 27, "model": "restaurants.type", "fields": {"name": "Seafood"}}, {"pk": 28, "model": "restaurants.type", "fields": {"name": "Steak"}}, {"pk": 29, "model": "restaurants.type", "fields": {"name": "Steakhouse"}}, {"pk": 34, "model": "restaurants.type", "fields": {"name": "Sushi"}}, {"pk": 30, "model": "restaurants.type", "fields": {"name": "Take-out"}}, {"pk": 31, "model": "restaurants.type", "fields": {"name": "Taverns"}}, {"pk": 32, "model": "restaurants.type", "fields": {"name": "Thai"}}, {"pk": 33, "model": "restaurants.type", "fields": {"name": "Vegetarian"}}, {"pk": 1, "model": "restaurants.restaurant", "fields": {"website": "www.argentina.is", "city": "Reykjav\u00edk", "name": "Argent\u00edna", "zip": 101, "created": "2010-02-10 15:53:14", "pricegroup": 1, "phone": "551 9555", "address": "Bar\u00f3nst\u00edg 11a", "lat": 64144066, "lng": -21918433, "email": "salur@argentina.is", "types": [28, 29], "description": ""}}, {"pk": 2, "model": "restaurants.restaurant", "fields": {"website": "www.austurindia.is", "city": "Reykjav\u00edk", "name": "Austur Ind\u00edaf\u00e9lagi\u00f0", "zip": 101, "created": "2010-02-10 15:54:09", "pricegroup": 1, "phone": "552 1630", "address": "Hverfisg\u00f6tu 56", "lat": 64145650, "lng": -21925600, "email": "austurindia@austurindia.is", "types": [19], "description": ""}}, {"pk": 3, "model": "restaurants.restaurant", "fields": {"website": "www.cafeparis.is", "city": "Reykjav\u00edk", "name": "Cafe Par\u00eds", "zip": 101, "created": "2010-02-10 15:54:53", "pricegroup": 1, "phone": "551 1020", "address": "Austurstr\u00e6ti 14", "lat": 64147516, "lng": -21938916, "email": "cafeparis@cafeparis.is", "types": [5], "description": ""}}, {"pk": 4, "model": "restaurants.restaurant", "fields": {"website": "www.caruso.is", "city": "Reykjav\u00edk", "name": "Caruso", "zip": 101, "created": "2010-02-10 15:56:12", "pricegroup": 2, "phone": "562 7335", "address": "\u00deingholtsstr\u00e6ti 1", "lat": 64146666, "lng": -21934300, "email": "caruso@caruso.is", "types": [20], "description": ""}}, {"pk": 20, "model": "restaurants.restaurant", "fields": {"website": "http://www.dominos.is", "city": "Reykjav\u00edk", "name": "Dominos Pizza", "zip": 108, "created": "2010-04-02 13:53:50", "pricegroup": 1, "phone": "581-2345", "address": "Skeifan 17", "lat": 64130088, "lng": -21870947, "email": "", "types": [12, 24, 30], "description": ""}}, {"pk": 21, "model": "restaurants.restaurant", "fields": {"website": "http://www.dominos.is", "city": "Reykjav\u00edk", "name": "Dominos Pizza", "zip": 110, "created": "2010-04-02 14:34:54", "pricegroup": 1, "phone": "581-2345", "address": "H\u00f6f\u00f0abakki 1", "lat": 64128229, "lng": -21811069, "email": "", "types": [12, 24, 30], "description": "Domino\u2019s Pizza \u00e1 \u00cdslandi hefur a\u00f0 markmi\u00f0i a\u00f0 vera lei\u00f0andi fyrirt\u00e6ki \u00e1 skyndibitamarka\u00f0num. Helstu markmi\u00f0 okkar eru \u00edmynd, \u00fej\u00f3nusta og g\u00e6\u00f0i sem stu\u00f0la a\u00f0 \u00fev\u00ed a\u00f0 vi\u00f0skiptavinir okkar s\u00e9u \u00e1n\u00e6g\u00f0ir."}}, {"pk": 22, "model": "restaurants.restaurant", "fields": {"website": "http://www.dominos.is", "city": "Gar\u00f0ab\u00e6r", "name": "Dominos Pizza", "zip": 210, "created": "2010-04-11 01:43:14", "pricegroup": 1, "phone": "581-2345", "address": "Gar\u00f0atorg 7", "lat": 64088660, "lng": -21918261, "email": "", "types": [12, 20, 24], "description": ""}}, {"pk": 23, "model": "restaurants.restaurant", "fields": {"website": "http://www.dominos.is", "city": "Reykjav\u00edk", "name": "Dominos Pizza", "zip": 107, "created": "2010-04-11 01:47:47", "pricegroup": 1, "phone": "581-2345", "address": "Hjar\u00f0arhagi 51", "lat": 64141442, "lng": -21962131, "email": "", "types": [12, 20, 24], "description": ""}}, {"pk": 24, "model": "restaurants.restaurant", "fields": {"website": "http://www.dominos.is", "city": "Hafnarfj\u00f6r\u00f0ur", "name": "Dominos Pizza", "zip": 220, "created": "2010-04-11 01:50:36", "pricegroup": 1, "phone": "581-2345", "address": "Fjar\u00f0argata 11", "lat": 64068536, "lng": -21957325, "email": "", "types": [12, 20, 24], "description": ""}}, {"pk": 25, "model": "restaurants.restaurant", "fields": {"website": "http://www.dominos.is", "city": "Reykjav\u00edk", "name": "Dominos Pizza", "zip": 112, "created": "2010-04-11 01:59:29", "pricegroup": 1, "phone": "581-2345", "address": "Sp\u00f6ngin 17", "lat": 64150875, "lng": -21788507, "email": "", "types": [12, 20, 24], "description": ""}}, {"pk": 26, "model": "restaurants.restaurant", "fields": {"website": "http://www.dominos.is", "city": "Akureyri", "name": "Dominos Pizza", "zip": 603, "created": "2010-04-11 02:02:35", "pricegroup": 1, "phone": "581-2345", "address": "Undirhl\u00ed\u00f0 2", "lat": 65691477, "lng": -18107507, "email": "", "types": [12, 20, 24], "description": ""}}, {"pk": 27, "model": "restaurants.restaurant", "fields": {"website": "http://www.dominos.is", "city": "K\u00f3pavogi", "name": "Dominos Pizza", "zip": 200, "created": "2010-04-11 02:05:48", "pricegroup": 1, "phone": "581-2345", "address": "N\u00fdb\u00fdlavegur 14", "lat": 64114115, "lng": -21893091, "email": "", "types": [12, 20, 24], "description": ""}}, {"pk": 28, "model": "restaurants.restaurant", "fields": {"website": "http://www.dominos.is", "city": "Reykjav\u00edk", "name": "Dominos Pizza", "zip": 103, "created": "2010-04-11 02:08:12", "pricegroup": 1, "phone": "581-2345", "address": "Kringlan", "lat": 64129550, "lng": -21895462, "email": "", "types": [12, 20, 24], "description": ""}}, {"pk": 29, "model": "restaurants.restaurant", "fields": {"website": "http://www.dominos.is", "city": "Reykjav\u00edk", "name": "Dominos Pizza", "zip": 111, "created": "2010-04-11 02:10:19", "pricegroup": 1, "phone": "581-2345", "address": "L\u00f3uh\u00f3lar 2", "lat": 64108949, "lng": -21817389, "email": "", "types": [12, 20, 24], "description": ""}}, {"pk": 30, "model": "restaurants.restaurant", "fields": {"website": "http://www.dominos.is", "city": "Reykjav\u00edk", "name": "Dominos Pizza", "zip": 101, "created": "2010-04-11 02:13:05", "pricegroup": 1, "phone": "581-2345", "address": "Sk\u00falagata 26", "lat": 64145668, "lng": -21919978, "email": "", "types": [12, 20, 24], "description": ""}}, {"pk": 31, "model": "restaurants.restaurant", "fields": {"website": "http://www.dominos.is", "city": "Reykjanesb\u00e6", "name": "Dominos Pizza", "zip": 230, "created": "2010-04-11 02:16:08", "pricegroup": 1, "phone": "581-2345", "address": "Hafnargata 86", "lat": 63996980, "lng": -22550136, "email": "", "types": [12, 20, 24], "description": ""}}, {"pk": 32, "model": "restaurants.restaurant", "fields": {"website": "http://www.dominos.is", "city": "K\u00f3pavogi", "name": "Dominos Pizza", "zip": 201, "created": "2010-04-11 02:19:22", "pricegroup": 1, "phone": "581-2345", "address": "Rj\u00fapnasalir 11", "lat": 64090559, "lng": -21842526, "email": "", "types": [12, 20, 24], "description": ""}}, {"pk": 33, "model": "restaurants.restaurant", "fields": {"website": "http://www.dominos.is", "city": "Akranesi", "name": "Dominos Pizza", "zip": 300, "created": "2010-04-11 02:22:17", "pricegroup": 1, "phone": "581-2345", "address": "Smi\u00f0juv\u00f6llum 32", "lat": 64327319, "lng": -22054925, "email": "", "types": [12, 20, 24], "description": ""}}, {"pk": 5, "model": "restaurants.restaurant", "fields": {"website": "www.einarben.is", "city": "Reykjav\u00edk", "name": "Einar Ben", "zip": 101, "created": "2010-02-10 15:57:00", "pricegroup": 3, "phone": "511 5090", "address": "Veltusund 1", "lat": 64147816, "lng": -21940800, "email": "einarben@einarben.is", "types": [13, 28], "description": ""}}, {"pk": 6, "model": "restaurants.restaurant", "fields": {"website": "www.fiskmarkadurinn.is", "city": "Reykjav\u00edk", "name": "Fiskmarka\u00f0urinn", "zip": 101, "created": "2010-02-10 15:57:33", "pricegroup": 1, "phone": "578 8877", "address": "A\u00f0alstr\u00e6ti 12", "lat": 64147733, "lng": -21942216, "email": "info@fiskmarkadurinn.is", "types": [13], "description": ""}}, {"pk": 7, "model": "restaurants.restaurant", "fields": {"website": "www.reykjavikhotels.is", "city": "Reykjav\u00edk", "name": "Fjalak\u00f6tturinn", "zip": 101, "created": "2010-02-10 16:03:24", "pricegroup": 2, "phone": "514 6000", "address": "A\u00f0alstr\u00e6ti", "lat": 64147516, "lng": -21942383, "email": "", "types": [14], "description": ""}}, {"pk": 8, "model": "restaurants.restaurant", "fields": {"website": "www.fridrikv.is", "city": "Akureyri", "name": "Fri\u00f0rik V. Brasserie", "zip": 600, "created": "2010-02-10 16:04:01", "pricegroup": 3, "phone": "461 5775", "address": "Kaupvangsstr\u00e6ti 6", "lat": 65679350, "lng": -18094383, "email": "fridrikv@fridrikv.is", "types": [21], "description": ""}}, {"pk": 9, "model": "restaurants.restaurant", "fields": {"website": "www.holt.is", "city": "Reykjav\u00edk", "name": "Gallery Restaurant, H\u00f3tel Holti", "zip": 101, "created": "2010-02-10 16:04:33", "pricegroup": 3, "phone": "552 5700", "address": "Bergsta\u00f0astr\u00e6ti 37", "lat": 64142866, "lng": -21934916, "email": "gallery@holt.is", "types": [27, 28], "description": ""}}, {"pk": 10, "model": "restaurants.restaurant", "fields": {"website": "www.grillid.is", "city": "Reykjav\u00edk", "name": "Grilli\u00f0", "zip": 107, "created": "2010-02-10 16:05:07", "pricegroup": 3, "phone": "525 9960", "address": "v/Hagatorg", "lat": 64140233, "lng": -21954283, "email": "grillid@grillid.is", "types": [13, 14, 28], "description": ""}}, {"pk": 15, "model": "restaurants.restaurant", "fields": {"website": "", "city": "Reykjav\u00edk", "name": "Hamborgarab\u00falla T\u00f3masar", "zip": 101, "created": "2010-02-10 16:09:42", "pricegroup": 2, "phone": "511 1888", "address": "Geirsg\u00f6tu 1", "lat": 64125300, "lng": -21816700, "email": "hbta@simnet.is", "types": [15], "description": ""}}, {"pk": 16, "model": "restaurants.restaurant", "fields": {"website": "www.hereford.is", "city": "Reykjav\u00edk", "name": "Hereford steikh\u00fas", "zip": 101, "created": "2010-02-10 16:10:19", "pricegroup": 3, "phone": "511 3350", "address": " Laugavegi 53B", "lat": 64144700, "lng": -21923400, "email": "hereford@hereford.is", "types": [28, 29], "description": ""}}, {"pk": 14, "model": "restaurants.restaurant", "fields": {"website": "www.hresso.is", "city": "Reykjav\u00edk", "name": "Hressingarsk\u00e1linn", "zip": 101, "created": "2010-02-10 16:09:09", "pricegroup": 2, "phone": "561 2240", "address": " Austurstr\u00e6ti 20", "lat": 21147366, "lng": -21937650, "email": "hresso@hresso.is", "types": [6], "description": ""}}, {"pk": 17, "model": "restaurants.restaurant", "fields": {"website": "http://hroihottur.is", "city": "Reykjav\u00edk", "name": "Hr\u00f3i H\u00f6ttur", "zip": 107, "created": "2010-02-10 16:10:53", "pricegroup": 1, "phone": "5629292", "address": "Hringbraut 119", "lat": 64150333, "lng": -21960316, "email": "hroihottur@centrum.is", "types": [24], "description": ""}}, {"pk": 13, "model": "restaurants.restaurant", "fields": {"website": "www.humarskipid.is", "city": "Reykjav\u00edk", "name": "Humarskipi\u00f0", "zip": 101, "created": "2010-02-10 16:08:35", "pricegroup": 2, "phone": "562 2300", "address": "Su\u00f0urbugt", "lat": 64150883, "lng": -21942116, "email": "info@humarskipid.is", "types": [13, 27], "description": ""}}, {"pk": 11, "model": "restaurants.restaurant", "fields": {"website": "www.allseasonhotels.is", "city": "Hella", "name": "H\u00f3tel Rang\u00e1", "zip": 851, "created": "2010-02-10 16:05:43", "pricegroup": 3, "phone": "487 5700", "address": "V/Su\u00f0urlandsveg", "lat": 63830550, "lng": -20422300, "email": "hotelranga@hotelranga.is", "types": [10], "description": ""}}, {"pk": 12, "model": "restaurants.restaurant", "fields": {"website": "www.hotel-ork.is", "city": "Hverager\u00f0i", "name": "H\u00f3tel \u00d6rk", "zip": 810, "created": "2010-02-10 16:06:42", "pricegroup": 2, "phone": "354 483", "address": "Brei\u00f0um\u00f6rk 1c", "lat": 63997333, "lng": -21192333, "email": "info@hotel-ork.is", "types": [10], "description": ""}}, {"pk": 36, "model": "restaurants.restaurant", "fields": {"website": "http://www.kfc.is", "city": "Hafnarfjordur", "name": "KFC", "zip": 220, "created": "2010-04-12 21:34:23", "pricegroup": 1, "phone": "555-0828", "address": "Hjallahrauni 15", "lat": 64078330, "lng": -21941854, "email": "kfc@kfc.is", "types": [7, 11, 12, 30], "description": "KFC\u00ae er st\u00e6rsta kj\u00faklingabita veitingah\u00fasake\u00f0ja \u00ed heiminum me\u00f0 meira en 10.000 veitingasta\u00f0i \u00ed 76 l\u00f6ndum. \u00c1 hverjum degi eru bornar fram meira en 7 milj\u00f3nir m\u00e1lt\u00ed\u00f0a \u00e1 KFC veitningah\u00fasum um allan heim. \u00c1 \u00f6llum \u00feessum st\u00f6\u00f0um er bo\u00f0i\u00f0 upp \u00e1 kj\u00faklingabita sem ger\u00f0ir eru eftir upprunalegu uppskrift Harland Sanders ofursta. \u00cd m\u00f6rgum l\u00f6ndum er eitthva\u00f0 s\u00e9rstakt \u00ed bo\u00f0i sem endurspeglar menningu \u00feess lands. \u00cd japan er til d\u00e6mis bo\u00f0i\u00f0 upp \u00e1 laxasamloku, \u00ed bandar\u00edkjunum er \u00fea\u00f0 kj\u00faklingabaka og \u00e1 \u00edslandi kokteils\u00f3san. Fyrir 40 \u00e1rum fann Sanders Ofursti upp \u00fea\u00f0 sem kalla\u00f0 er skyndibiti \u00ed dag. Fullkomnar m\u00e1lt\u00ed\u00f0ir fyrir uppteki\u00f0 f\u00f3lk sem ekki hefur t\u00edma til a\u00f0 elda. Hann kalla\u00f0i \u00feetta \"sunnudagsm\u00e1lt\u00ed\u00f0, sj\u00f6 daga vikunar\"."}}, {"pk": 37, "model": "restaurants.restaurant", "fields": {"website": "http://www.kfc.is", "city": "K\u00f3pavogi", "name": "KFC", "zip": 201, "created": "2010-04-12 21:51:07", "pricegroup": 1, "phone": "554 4700", "address": "B\u00e6jarlind 18", "lat": 64099319, "lng": -21881204, "email": "kfc@kfc.is", "types": [7, 11, 12, 30], "description": "KFC\u00ae er st\u00e6rsta kj\u00faklingabita veitingah\u00fasake\u00f0ja \u00ed heiminum me\u00f0 meira en 10.000 veitingasta\u00f0i \u00ed 76 l\u00f6ndum. \u00c1 hverjum degi eru bornar fram meira en 7 milj\u00f3nir m\u00e1lt\u00ed\u00f0a \u00e1 KFC veitningah\u00fasum um allan heim. \u00c1 \u00f6llum \u00feessum st\u00f6\u00f0um er bo\u00f0i\u00f0 upp \u00e1 kj\u00faklingabita sem ger\u00f0ir eru eftir upprunalegu uppskrift Harland Sanders ofursta. \u00cd m\u00f6rgum l\u00f6ndum er eitthva\u00f0 s\u00e9rstakt \u00ed bo\u00f0i sem endurspeglar menningu \u00feess lands. \u00cd japan er til d\u00e6mis bo\u00f0i\u00f0 upp \u00e1 laxasamloku, \u00ed bandar\u00edkjunum er \u00fea\u00f0 kj\u00faklingabaka og \u00e1 \u00edslandi kokteils\u00f3san. Fyrir 40 \u00e1rum fann Sanders Ofursti upp \u00fea\u00f0 sem kalla\u00f0 er skyndibiti \u00ed dag. Fullkomnar m\u00e1lt\u00ed\u00f0ir fyrir uppteki\u00f0 f\u00f3lk sem ekki hefur t\u00edma til a\u00f0 elda. Hann kalla\u00f0i \u00feetta \"sunnudagsm\u00e1lt\u00ed\u00f0, sj\u00f6 daga vikunar\"."}}, {"pk": 38, "model": "restaurants.restaurant", "fields": {"website": "http://www.kfc.is", "city": "Reykjav\u00edk", "name": "KFC", "zip": 108, "created": "2010-04-12 21:58:25", "pricegroup": 1, "phone": "568-0636", "address": "Faxafeni 2", "lat": 64131492, "lng": -21867610, "email": "kfc@kfc.is", "types": [7, 11, 12, 30], "description": "KFC\u00ae er st\u00e6rsta kj\u00faklingabita veitingah\u00fasake\u00f0ja \u00ed heiminum me\u00f0 meira en 10.000 veitingasta\u00f0i \u00ed 76 l\u00f6ndum. \u00c1 hverjum degi eru bornar fram meira en 7 milj\u00f3nir m\u00e1lt\u00ed\u00f0a \u00e1 KFC veitningah\u00fasum um allan heim. \u00c1 \u00f6llum \u00feessum st\u00f6\u00f0um er bo\u00f0i\u00f0 upp \u00e1 kj\u00faklingabita sem ger\u00f0ir eru eftir upprunalegu uppskrift Harland Sanders ofursta. \u00cd m\u00f6rgum l\u00f6ndum er eitthva\u00f0 s\u00e9rstakt \u00ed bo\u00f0i sem endurspeglar menningu \u00feess lands. \u00cd japan er til d\u00e6mis bo\u00f0i\u00f0 upp \u00e1 laxasamloku, \u00ed bandar\u00edkjunum er \u00fea\u00f0 kj\u00faklingabaka og \u00e1 \u00edslandi kokteils\u00f3san. Fyrir 40 \u00e1rum fann Sanders Ofursti upp \u00fea\u00f0 sem kalla\u00f0 er skyndibiti \u00ed dag. Fullkomnar m\u00e1lt\u00ed\u00f0ir fyrir uppteki\u00f0 f\u00f3lk sem ekki hefur t\u00edma til a\u00f0 elda. Hann kalla\u00f0i \u00feetta \"sunnudagsm\u00e1lt\u00ed\u00f0, sj\u00f6 daga vikunar\"."}}, {"pk": 39, "model": "restaurants.restaurant", "fields": {"website": "http://www.kfc.is", "city": "Selfoss", "name": "KFC", "zip": 800, "created": "2010-04-12 22:02:56", "pricegroup": 1, "phone": "482-3466", "address": "Austurvegi 46", "lat": 63936977, "lng": -20988436, "email": "kfc@kfc.is", "types": [7, 11, 12, 30], "description": "KFC\u00ae er st\u00e6rsta kj\u00faklingabita veitingah\u00fasake\u00f0ja \u00ed heiminum me\u00f0 meira en 10.000 veitingasta\u00f0i \u00ed 76 l\u00f6ndum. \u00c1 hverjum degi eru bornar fram meira en 7 milj\u00f3nir m\u00e1lt\u00ed\u00f0a \u00e1 KFC veitningah\u00fasum um allan heim. \u00c1 \u00f6llum \u00feessum st\u00f6\u00f0um er bo\u00f0i\u00f0 upp \u00e1 kj\u00faklingabita sem ger\u00f0ir eru eftir upprunalegu uppskrift Harland Sanders ofursta. \u00cd m\u00f6rgum l\u00f6ndum er eitthva\u00f0 s\u00e9rstakt \u00ed bo\u00f0i sem endurspeglar menningu \u00feess lands. \u00cd japan er til d\u00e6mis bo\u00f0i\u00f0 upp \u00e1 laxasamloku, \u00ed bandar\u00edkjunum er \u00fea\u00f0 kj\u00faklingabaka og \u00e1 \u00edslandi kokteils\u00f3san. Fyrir 40 \u00e1rum fann Sanders Ofursti upp \u00fea\u00f0 sem kalla\u00f0 er skyndibiti \u00ed dag. Fullkomnar m\u00e1lt\u00ed\u00f0ir fyrir uppteki\u00f0 f\u00f3lk sem ekki hefur t\u00edma til a\u00f0 elda. Hann kalla\u00f0i \u00feetta \"sunnudagsm\u00e1lt\u00ed\u00f0, sj\u00f6 daga vikunar\"."}}, {"pk": 40, "model": "restaurants.restaurant", "fields": {"website": "http://www.kfc.is", "city": "Reykjanesb\u00e6", "name": "KFC", "zip": 260, "created": "2010-04-12 22:08:55", "pricegroup": 1, "phone": "423-7200", "address": "Krossm\u00f3a 2", "lat": 63994591, "lng": -22550340, "email": "kfc@kfc.is", "types": [7, 11, 12, 30], "description": "KFC\u00ae er st\u00e6rsta kj\u00faklingabita veitingah\u00fasake\u00f0ja \u00ed heiminum me\u00f0 meira en 10.000 veitingasta\u00f0i \u00ed 76 l\u00f6ndum. \u00c1 hverjum degi eru bornar fram meira en 7 milj\u00f3nir m\u00e1lt\u00ed\u00f0a \u00e1 KFC veitningah\u00fasum um allan heim. \u00c1 \u00f6llum \u00feessum st\u00f6\u00f0um er bo\u00f0i\u00f0 upp \u00e1 kj\u00faklingabita sem ger\u00f0ir eru eftir upprunalegu uppskrift Harland Sanders ofursta. \u00cd m\u00f6rgum l\u00f6ndum er eitthva\u00f0 s\u00e9rstakt \u00ed bo\u00f0i sem endurspeglar menningu \u00feess lands. \u00cd japan er til d\u00e6mis bo\u00f0i\u00f0 upp \u00e1 laxasamloku, \u00ed bandar\u00edkjunum er \u00fea\u00f0 kj\u00faklingabaka og \u00e1 \u00edslandi kokteils\u00f3san. Fyrir 40 \u00e1rum fann Sanders Ofursti upp \u00fea\u00f0 sem kalla\u00f0 er skyndibiti \u00ed dag. Fullkomnar m\u00e1lt\u00ed\u00f0ir fyrir uppteki\u00f0 f\u00f3lk sem ekki hefur t\u00edma til a\u00f0 elda. Hann kalla\u00f0i \u00feetta \"sunnudagsm\u00e1lt\u00ed\u00f0, sj\u00f6 daga vikunar\"."}}, {"pk": 41, "model": "restaurants.restaurant", "fields": {"website": "http://www.kfc.is", "city": "Mosfellsb\u00e6r", "name": "KFC", "zip": 270, "created": "2010-04-12 22:11:48", "pricegroup": 1, "phone": "586-8222", "address": "H\u00e1holti 9", "lat": 64166461, "lng": -21693685, "email": "kfc@kfc.is", "types": [7, 11, 12, 30], "description": "KFC\u00ae er st\u00e6rsta kj\u00faklingabita veitingah\u00fasake\u00f0ja \u00ed heiminum me\u00f0 meira en 10.000 veitingasta\u00f0i \u00ed 76 l\u00f6ndum. \u00c1 hverjum degi eru bornar fram meira en 7 milj\u00f3nir m\u00e1lt\u00ed\u00f0a \u00e1 KFC veitningah\u00fasum um allan heim. \u00c1 \u00f6llum \u00feessum st\u00f6\u00f0um er bo\u00f0i\u00f0 upp \u00e1 kj\u00faklingabita sem ger\u00f0ir eru eftir upprunalegu uppskrift Harland Sanders ofursta. \u00cd m\u00f6rgum l\u00f6ndum er eitthva\u00f0 s\u00e9rstakt \u00ed bo\u00f0i sem endurspeglar menningu \u00feess lands. \u00cd japan er til d\u00e6mis bo\u00f0i\u00f0 upp \u00e1 laxasamloku, \u00ed bandar\u00edkjunum er \u00fea\u00f0 kj\u00faklingabaka og \u00e1 \u00edslandi kokteils\u00f3san. Fyrir 40 \u00e1rum fann Sanders Ofursti upp \u00fea\u00f0 sem kalla\u00f0 er skyndibiti \u00ed dag. Fullkomnar m\u00e1lt\u00ed\u00f0ir fyrir uppteki\u00f0 f\u00f3lk sem ekki hefur t\u00edma til a\u00f0 elda. Hann kalla\u00f0i \u00feetta \"sunnudagsm\u00e1lt\u00ed\u00f0, sj\u00f6 daga vikunar\"."}}, {"pk": 42, "model": "restaurants.restaurant", "fields": {"website": "http://www.kfc.is", "city": "K\u00f3pavogi", "name": "KFC", "zip": 200, "created": "2010-04-12 22:14:37", "pricegroup": 1, "phone": "564-6959", "address": "Kringlum\u00fdrabraut 100", "lat": 64117680, "lng": -21899292, "email": "kfc@kfc.is", "types": [7, 11, 12, 30], "description": "KFC\u00ae er st\u00e6rsta kj\u00faklingabita veitingah\u00fasake\u00f0ja \u00ed heiminum me\u00f0 meira en 10.000 veitingasta\u00f0i \u00ed 76 l\u00f6ndum. \u00c1 hverjum degi eru bornar fram meira en 7 milj\u00f3nir m\u00e1lt\u00ed\u00f0a \u00e1 KFC veitningah\u00fasum um allan heim. \u00c1 \u00f6llum \u00feessum st\u00f6\u00f0um er bo\u00f0i\u00f0 upp \u00e1 kj\u00faklingabita sem ger\u00f0ir eru eftir upprunalegu uppskrift Harland Sanders ofursta. \u00cd m\u00f6rgum l\u00f6ndum er eitthva\u00f0 s\u00e9rstakt \u00ed bo\u00f0i sem endurspeglar menningu \u00feess lands. \u00cd japan er til d\u00e6mis bo\u00f0i\u00f0 upp \u00e1 laxasamloku, \u00ed bandar\u00edkjunum er \u00fea\u00f0 kj\u00faklingabaka og \u00e1 \u00edslandi kokteils\u00f3san. Fyrir 40 \u00e1rum fann Sanders Ofursti upp \u00fea\u00f0 sem kalla\u00f0 er skyndibiti \u00ed dag. Fullkomnar m\u00e1lt\u00ed\u00f0ir fyrir uppteki\u00f0 f\u00f3lk sem ekki hefur t\u00edma til a\u00f0 elda. Hann kalla\u00f0i \u00feetta \"sunnudagsm\u00e1lt\u00ed\u00f0, sj\u00f6 daga vikunar\"."}}, {"pk": 34, "model": "restaurants.restaurant", "fields": {"website": "http://www.nonnabiti.is/", "city": "Reykjav\u00edk", "name": "Nonnabiti", "zip": 101, "created": "2010-04-11 02:25:41", "pricegroup": 1, "phone": "551-2312", "address": "Hafnarstr\u00e6ti 9", "lat": 64148189, "lng": -21939268, "email": "", "types": [12, 15, 26], "description": ""}}, {"pk": 35, "model": "restaurants.restaurant", "fields": {"website": "http://www.nonnabiti.is/", "city": "K\u00f3pavogi", "name": "Nonnabiti", "zip": 201, "created": "2010-04-11 02:31:50", "pricegroup": 1, "phone": "551-1100", "address": "B\u00e6jarlind 14-16", "lat": 64099310, "lng": -21877985, "email": "nonnabiti@nonnabiti.is", "types": [12, 15, 26], "description": ""}}, {"pk": 18, "model": "restaurants.restaurant", "fields": {"website": "http://www.osushi.is", "city": "Reykjav\u00edk", "name": "Osushi The Train", "zip": 101, "created": "2010-02-10 16:11:25", "pricegroup": 2, "phone": "561 0562", "address": "L\u00e6kjarg\u00f6tu 2a", "lat": 64147100, "lng": -21937133, "email": "osushi@osushi.is", "types": [34], "description": ""}}, {"pk": 19, "model": "restaurants.restaurant", "fields": {"website": "", "city": "Reykjavik", "name": "Testari", "zip": 101, "created": "2010-02-10 18:58:03", "pricegroup": 1, "phone": "8483756", "address": "Eggertsg\u00f6tu 8", "lat": 10, "lng": 12, "email": "", "types": [], "description": "Test"}}, {"pk": 1, "model": "restaurants.restaurantlogo", "fields": {"logo": "logo/20.jpg", "restaurant": 20}}, {"pk": 2, "model": "restaurants.restaurantlogo", "fields": {"logo": "logo/36.jpg", "restaurant": 36}}, {"pk": 3, "model": "restaurants.restaurantlogo", "fields": {"logo": "logo/37.jpg", "restaurant": 37}}, {"pk": 4, "model": "restaurants.restaurantlogo", "fields": {"logo": "logo/38.jpg", "restaurant": 38}}, {"pk": 5, "model": "restaurants.restaurantlogo", "fields": {"logo": "logo/39.jpg", "restaurant": 39}}, {"pk": 6, "model": "restaurants.restaurantlogo", "fields": {"logo": "logo/40.jpg", "restaurant": 40}}, {"pk": 7, "model": "restaurants.restaurantlogo", "fields": {"logo": "logo/41.jpg", "restaurant": 41}}, {"pk": 8, "model": "restaurants.restaurantlogo", "fields": {"logo": "logo/42.jpg", "restaurant": 42}}, {"pk": 1, "model": "restaurants.review", "fields": {"user": 1, "restaurant": 19, "description": "This is a test review", "created": "2010-02-22 18:34:17"}}, {"pk": 2, "model": "restaurants.review", "fields": {"user": 1, "restaurant": 19, "description": "This is a test review", "created": "2010-03-01 12:54:07"}}, {"pk": 3, "model": "restaurants.review", "fields": {"user": 1, "restaurant": 19, "description": "This is a test review", "created": "2010-03-01 15:23:22"}}, {"pk": 4, "model": "restaurants.review", "fields": {"user": 2, "restaurant": 1, "description": "What now?", "created": "2010-03-01 16:53:20"}}, {"pk": 5, "model": "restaurants.review", "fields": {"user": 2, "restaurant": 1, "description": "Thats was up!", "created": "2010-03-01 16:55:32"}}, {"pk": 6, "model": "restaurants.review", "fields": {"user": 2, "restaurant": 1, "description": "Yeah!\n", "created": "2010-03-01 16:55:48"}}, {"pk": 7, "model": "restaurants.review", "fields": {"user": 1, "restaurant": 19, "description": "This is a test review", "created": "2010-03-01 17:03:19"}}, {"pk": 8, "model": "restaurants.review", "fields": {"user": 1, "restaurant": 19, "description": "This is a test review", "created": "2010-03-03 18:12:23"}}, {"pk": 9, "model": "restaurants.review", "fields": {"user": 1, "restaurant": 19, "description": "This is a test review", "created": "2010-03-03 18:20:40"}}, {"pk": 10, "model": "restaurants.review", "fields": {"user": 1, "restaurant": 19, "description": "This is a test review", "created": "2010-03-03 18:22:38"}}, {"pk": 11, "model": "restaurants.review", "fields": {"user": 1, "restaurant": 19, "description": "This is a test review", "created": "2010-03-03 18:25:05"}}, {"pk": 12, "model": "restaurants.review", "fields": {"user": 1, "restaurant": 19, "description": "This is a test review", "created": "2010-03-03 18:26:35"}}, {"pk": 13, "model": "restaurants.review", "fields": {"user": 9, "restaurant": 9, "description": "awesome", "created": "2010-03-17 22:30:10"}}, {"pk": 14, "model": "restaurants.review", "fields": {"user": 8, "restaurant": 9, "description": "testing", "created": "2010-03-17 22:35:05"}}, {"pk": 15, "model": "restaurants.review", "fields": {"user": 8, "restaurant": 16, "description": "up it goes", "created": "2010-03-28 14:45:25"}}, {"pk": 16, "model": "restaurants.review", "fields": {"user": 8, "restaurant": 17, "description": "test", "created": "2010-03-28 16:06:57"}}, {"pk": 17, "model": "restaurants.review", "fields": {"user": 1, "restaurant": 10, "description": "Does this work?", "created": "2010-03-28 18:18:11"}}, {"pk": 18, "model": "restaurants.review", "fields": {"user": 1, "restaurant": 7, "description": "Me\u00f0 von \u00ed hjarta um g\u00f3\u00f0a steik brustu vonir m\u00ednar \u00feegar inn var komi\u00f0 og \u00e9g komst \u00ed raun um a\u00f0 \u00fea\u00f0 eru, in fact, EKKI serva\u00f0ar kattarsteikur \u00e1 Fjalakettinum. N\u00e6st reyndi \u00e9g vi\u00f0 m\u00fas e\u00f0a rottu, sp\u00f6rfugl hef\u00f0i duga\u00f0, en \u00fea\u00f0 eina sem m\u00e9r var bo\u00f0i\u00f0 var humar og hreind\u00fdr. \u00deessi nafngift \u00e1 sta\u00f0num er alvarlega afvegalei\u00f0andi og hyggst \u00e9g kvarta \u00ed neytendar\u00e1\u00f0 um \u00feessa sv\u00edvir\u00f0u!", "created": "2010-03-28 12:16:20"}}, {"pk": 19, "model": "restaurants.review", "fields": {"user": 8, "restaurant": 17, "description": "Mjog godur matur!", "created": "2010-04-02 01:24:08"}}, {"pk": 20, "model": "restaurants.review", "fields": {"user": 6, "restaurant": 10, "description": "Very very good meal! Thanks\n", "created": "2010-04-02 13:28:48"}}, {"pk": 21, "model": "restaurants.review", "fields": {"user": 13, "restaurant": 10, "description": "This does work indeed! :)", "created": "2010-04-08 16:23:02"}}, {"pk": 22, "model": "restaurants.review", "fields": {"user": 13, "restaurant": 5, "description": "This restaurant has no menu.", "created": "2010-04-08 16:23:38"}}, {"pk": 23, "model": "restaurants.review", "fields": {"user": 13, "restaurant": 10, "description": "test123", "created": "2010-04-12 13:27:28"}}, {"pk": 1, "model": "restaurants.rating", "fields": {"rating": 4, "created": "2010-02-22 18:31:13", "user": 1, "restaurant": 1}}, {"pk": 2, "model": "restaurants.rating", "fields": {"rating": 4, "created": "2010-03-03 18:26:34", "user": 1, "restaurant": 19}}, {"pk": 3, "model": "restaurants.rating", "fields": {"rating": 5, "created": "2010-03-01 16:36:35", "user": 1, "restaurant": 4}}, {"pk": 4, "model": "restaurants.rating", "fields": {"rating": 5, "created": "2010-03-01 16:38:58", "user": 2, "restaurant": 4}}, {"pk": 5, "model": "restaurants.rating", "fields": {"rating": 5, "created": "2010-04-11 22:54:39", "user": 8, "restaurant": 9}}, {"pk": 6, "model": "restaurants.rating", "fields": {"rating": 5, "created": "2010-03-17 21:40:02", "user": 9, "restaurant": 9}}, {"pk": 7, "model": "restaurants.rating", "fields": {"rating": 4, "created": "2010-03-25 15:51:10", "user": 8, "restaurant": 10}}, {"pk": 8, "model": "restaurants.rating", "fields": {"rating": 3, "created": "2010-03-28 16:06:46", "user": 8, "restaurant": 17}}, {"pk": 9, "model": "restaurants.rating", "fields": {"rating": 3, "created": "2010-03-28 16:21:06", "user": 8, "restaurant": 15}}, {"pk": 10, "model": "restaurants.rating", "fields": {"rating": 5, "created": "2010-03-28 17:28:12", "user": 1, "restaurant": 9}}, {"pk": 11, "model": "restaurants.rating", "fields": {"rating": 2, "created": "2010-03-28 18:18:04", "user": 1, "restaurant": 10}}, {"pk": 12, "model": "restaurants.rating", "fields": {"rating": 4, "created": "2010-04-12 13:26:58", "user": 13, "restaurant": 10}}, {"pk": 13, "model": "restaurants.rating", "fields": {"rating": 4, "created": "2010-04-12 13:47:17", "user": 1, "restaurant": 31}}, {"pk": 1, "model": "restaurants.menuitem", "fields": {"price": 6300, "name": "Grilled langoustine with chili-garlic butter and salad", "restaurant": 1}}, {"pk": 2, "model": "restaurants.menuitem", "fields": {"price": 3850, "name": "Selection of Icelanic fish", "restaurant": 1}}, {"pk": 3, "model": "restaurants.menuitem", "fields": {"price": 4950, "name": "Lamb tenderloins with marinated garlic cloves 9 oz", "restaurant": 1}}, {"pk": 4, "model": "restaurants.menuitem", "fields": {"price": 5200, "name": "Halibut, carrot and oranges", "restaurant": 10}}, {"pk": 5, "model": "restaurants.menuitem", "fields": {"price": 5200, "name": "Turbot, cauliflower, grapes and almonds", "restaurant": 10}}, {"pk": 6, "model": "restaurants.menuitem", "fields": {"price": 5200, "name": "Fillet of lamb, shoulder and beatroot", "restaurant": 10}}, {"pk": 7, "model": "restaurants.menuitem", "fields": {"price": 9400, "name": "Icelandic duck from Hlidarberg in Hornafjordur", "restaurant": 9}}, {"pk": 8, "model": "restaurants.menuitem", "fields": {"price": 9400, "name": "Reindeer soup under puff pastry, slow cooked reindeer chest and artichoke", "restaurant": 9}}, {"pk": 9, "model": "restaurants.menuitem", "fields": {"price": 1660, "name": "Margarita", "restaurant": 20}}, {"pk": 10, "model": "restaurants.menuitem", "fields": {"price": 2220, "name": "Hawaiian", "restaurant": 20}}, {"pk": 11, "model": "restaurants.menuitem", "fields": {"price": 2220, "name": "PS2", "restaurant": 20}}, {"pk": 12, "model": "restaurants.menuitem", "fields": {"price": 2220, "name": "Domino\u00b4s Basic", "restaurant": 20}}, {"pk": 13, "model": "restaurants.menuitem", "fields": {"price": 2790, "name": "New York", "restaurant": 20}}, {"pk": 14, "model": "restaurants.menuitem", "fields": {"price": 2790, "name": "Domino's Deluxe", "restaurant": 20}}, {"pk": 15, "model": "restaurants.menuitem", "fields": {"price": 2930, "name": "Domino's Surprise", "restaurant": 20}}, {"pk": 16, "model": "restaurants.menuitem", "fields": {"price": 2930, "name": "Bahamas", "restaurant": 20}}, {"pk": 17, "model": "restaurants.menuitem", "fields": {"price": 2930, "name": "Creme Mexicano", "restaurant": 20}}, {"pk": 18, "model": "restaurants.menuitem", "fields": {"price": 1660, "name": "Margarita", "restaurant": 21}}, {"pk": 19, "model": "restaurants.menuitem", "fields": {"price": 2220, "name": "Hawaiian", "restaurant": 21}}, {"pk": 20, "model": "restaurants.menuitem", "fields": {"price": 2220, "name": "PS2", "restaurant": 21}}, {"pk": 21, "model": "restaurants.menuitem", "fields": {"price": 2220, "name": "Domino\u00b4s Basic", "restaurant": 21}}, {"pk": 22, "model": "restaurants.menuitem", "fields": {"price": 2790, "name": "New York", "restaurant": 21}}, {"pk": 23, "model": "restaurants.menuitem", "fields": {"price": 2790, "name": "Domino's Deluxe", "restaurant": 21}}, {"pk": 24, "model": "restaurants.menuitem", "fields": {"price": 2930, "name": "Domino's Surprise", "restaurant": 21}}, {"pk": 25, "model": "restaurants.menuitem", "fields": {"price": 2930, "name": "Bahamas", "restaurant": 21}}, {"pk": 26, "model": "restaurants.menuitem", "fields": {"price": 2930, "name": "Creme Mexicano", "restaurant": 21}}, {"pk": 27, "model": "restaurants.menuitem", "fields": {"price": 1660, "name": "Margarita", "restaurant": 22}}, {"pk": 28, "model": "restaurants.menuitem", "fields": {"price": 2220, "name": "Hawaiian", "restaurant": 22}}, {"pk": 29, "model": "restaurants.menuitem", "fields": {"price": 2220, "name": "PS2", "restaurant": 22}}, {"pk": 30, "model": "restaurants.menuitem", "fields": {"price": 2220, "name": "Domino\u00b4s Basic", "restaurant": 22}}, {"pk": 31, "model": "restaurants.menuitem", "fields": {"price": 2790, "name": "New York", "restaurant": 22}}, {"pk": 32, "model": "restaurants.menuitem", "fields": {"price": 2790, "name": "Domino's Deluxe", "restaurant": 22}}, {"pk": 33, "model": "restaurants.menuitem", "fields": {"price": 2930, "name": "Domino's Surprise", "restaurant": 22}}, {"pk": 34, "model": "restaurants.menuitem", "fields": {"price": 2930, "name": "Bahamas", "restaurant": 22}}, {"pk": 35, "model": "restaurants.menuitem", "fields": {"price": 2930, "name": "Creme Mexicano", "restaurant": 22}}, {"pk": 36, "model": "restaurants.menuitem", "fields": {"price": 1660, "name": "Margarita", "restaurant": 23}}, {"pk": 37, "model": "restaurants.menuitem", "fields": {"price": 2220, "name": "Hawaiian", "restaurant": 23}}, {"pk": 38, "model": "restaurants.menuitem", "fields": {"price": 2220, "name": "PS2", "restaurant": 23}}, {"pk": 39, "model": "restaurants.menuitem", "fields": {"price": 2220, "name": "Domino\u00b4s Basic", "restaurant": 23}}, {"pk": 40, "model": "restaurants.menuitem", "fields": {"price": 2790, "name": "New York", "restaurant": 23}}, {"pk": 41, "model": "restaurants.menuitem", "fields": {"price": 2790, "name": "Domino's Deluxe", "restaurant": 23}}, {"pk": 42, "model": "restaurants.menuitem", "fields": {"price": 2930, "name": "Domino's Surprise", "restaurant": 23}}, {"pk": 43, "model": "restaurants.menuitem", "fields": {"price": 2930, "name": "Bahamas", "restaurant": 23}}, {"pk": 44, "model": "restaurants.menuitem", "fields": {"price": 2930, "name": "Creme Mexicano", "restaurant": 23}}, {"pk": 45, "model": "restaurants.menuitem", "fields": {"price": 1660, "name": "Margarita", "restaurant": 24}}, {"pk": 46, "model": "restaurants.menuitem", "fields": {"price": 2220, "name": "Hawaiian", "restaurant": 24}}, {"pk": 47, "model": "restaurants.menuitem", "fields": {"price": 2220, "name": "PS2", "restaurant": 24}}, {"pk": 48, "model": "restaurants.menuitem", "fields": {"price": 2220, "name": "Domino\u00b4s Basic", "restaurant": 24}}, {"pk": 49, "model": "restaurants.menuitem", "fields": {"price": 2790, "name": "New York", "restaurant": 24}}, {"pk": 50, "model": "restaurants.menuitem", "fields": {"price": 2790, "name": "Domino's Deluxe", "restaurant": 24}}, {"pk": 51, "model": "restaurants.menuitem", "fields": {"price": 2930, "name": "Domino's Surprise", "restaurant": 24}}, {"pk": 52, "model": "restaurants.menuitem", "fields": {"price": 2930, "name": "Bahamas", "restaurant": 24}}, {"pk": 53, "model": "restaurants.menuitem", "fields": {"price": 2930, "name": "Creme Mexicano", "restaurant": 24}}, {"pk": 54, "model": "restaurants.menuitem", "fields": {"price": 1660, "name": "Margarita", "restaurant": 25}}, {"pk": 55, "model": "restaurants.menuitem", "fields": {"price": 2220, "name": "Hawaiian", "restaurant": 25}}, {"pk": 56, "model": "restaurants.menuitem", "fields": {"price": 2220, "name": "PS2", "restaurant": 25}}, {"pk": 57, "model": "restaurants.menuitem", "fields": {"price": 2220, "name": "Domino\u00b4s Basic", "restaurant": 25}}, {"pk": 58, "model": "restaurants.menuitem", "fields": {"price": 2790, "name": "New York", "restaurant": 25}}, {"pk": 59, "model": "restaurants.menuitem", "fields": {"price": 2790, "name": "Domino's Deluxe", "restaurant": 25}}, {"pk": 60, "model": "restaurants.menuitem", "fields": {"price": 2930, "name": "Domino's Surprise", "restaurant": 25}}, {"pk": 61, "model": "restaurants.menuitem", "fields": {"price": 2930, "name": "Bahamas", "restaurant": 25}}, {"pk": 62, "model": "restaurants.menuitem", "fields": {"price": 2930, "name": "Creme Mexicano", "restaurant": 25}}, {"pk": 63, "model": "restaurants.menuitem", "fields": {"price": 1660, "name": "Margarita", "restaurant": 26}}, {"pk": 64, "model": "restaurants.menuitem", "fields": {"price": 2220, "name": "Hawaiian", "restaurant": 26}}, {"pk": 65, "model": "restaurants.menuitem", "fields": {"price": 2220, "name": "PS2", "restaurant": 26}}, {"pk": 66, "model": "restaurants.menuitem", "fields": {"price": 2220, "name": "Domino\u00b4s Basic", "restaurant": 26}}, {"pk": 67, "model": "restaurants.menuitem", "fields": {"price": 2790, "name": "New York", "restaurant": 26}}, {"pk": 68, "model": "restaurants.menuitem", "fields": {"price": 2790, "name": "Domino's Deluxe", "restaurant": 26}}, {"pk": 69, "model": "restaurants.menuitem", "fields": {"price": 2930, "name": "Domino's Surprise", "restaurant": 26}}, {"pk": 70, "model": "restaurants.menuitem", "fields": {"price": 2930, "name": "Bahamas", "restaurant": 26}}, {"pk": 71, "model": "restaurants.menuitem", "fields": {"price": 2930, "name": "Creme Mexicano", "restaurant": 26}}, {"pk": 72, "model": "restaurants.menuitem", "fields": {"price": 1660, "name": "Margarita", "restaurant": 27}}, {"pk": 73, "model": "restaurants.menuitem", "fields": {"price": 2220, "name": "Hawaiian", "restaurant": 27}}, {"pk": 74, "model": "restaurants.menuitem", "fields": {"price": 2220, "name": "PS2", "restaurant": 27}}, {"pk": 75, "model": "restaurants.menuitem", "fields": {"price": 2220, "name": "Domino\u00b4s Basic", "restaurant": 27}}, {"pk": 76, "model": "restaurants.menuitem", "fields": {"price": 2790, "name": "New York", "restaurant": 27}}, {"pk": 77, "model": "restaurants.menuitem", "fields": {"price": 2790, "name": "Domino's Deluxe", "restaurant": 27}}, {"pk": 78, "model": "restaurants.menuitem", "fields": {"price": 2930, "name": "Domino's Surprise", "restaurant": 27}}, {"pk": 79, "model": "restaurants.menuitem", "fields": {"price": 2930, "name": "Bahamas", "restaurant": 27}}, {"pk": 80, "model": "restaurants.menuitem", "fields": {"price": 2930, "name": "Creme Mexicano", "restaurant": 27}}, {"pk": 81, "model": "restaurants.menuitem", "fields": {"price": 1660, "name": "Margarita", "restaurant": 28}}, {"pk": 82, "model": "restaurants.menuitem", "fields": {"price": 2220, "name": "Hawaiian", "restaurant": 28}}, {"pk": 83, "model": "restaurants.menuitem", "fields": {"price": 2220, "name": "PS2", "restaurant": 28}}, {"pk": 84, "model": "restaurants.menuitem", "fields": {"price": 2220, "name": "Domino\u00b4s Basic", "restaurant": 28}}, {"pk": 85, "model": "restaurants.menuitem", "fields": {"price": 2790, "name": "New York", "restaurant": 28}}, {"pk": 86, "model": "restaurants.menuitem", "fields": {"price": 2790, "name": "Domino's Deluxe", "restaurant": 28}}, {"pk": 87, "model": "restaurants.menuitem", "fields": {"price": 2930, "name": "Domino's Surprise", "restaurant": 28}}, {"pk": 88, "model": "restaurants.menuitem", "fields": {"price": 2930, "name": "Bahamas", "restaurant": 28}}, {"pk": 89, "model": "restaurants.menuitem", "fields": {"price": 2930, "name": "Creme Mexicano", "restaurant": 28}}, {"pk": 90, "model": "restaurants.menuitem", "fields": {"price": 1660, "name": "Margarita", "restaurant": 29}}, {"pk": 91, "model": "restaurants.menuitem", "fields": {"price": 2220, "name": "Hawaiian", "restaurant": 29}}, {"pk": 92, "model": "restaurants.menuitem", "fields": {"price": 2220, "name": "PS2", "restaurant": 29}}, {"pk": 93, "model": "restaurants.menuitem", "fields": {"price": 2220, "name": "Domino\u00b4s Basic", "restaurant": 29}}, {"pk": 94, "model": "restaurants.menuitem", "fields": {"price": 2790, "name": "New York", "restaurant": 29}}, {"pk": 95, "model": "restaurants.menuitem", "fields": {"price": 2790, "name": "Domino's Deluxe", "restaurant": 29}}, {"pk": 96, "model": "restaurants.menuitem", "fields": {"price": 2930, "name": "Domino's Surprise", "restaurant": 29}}, {"pk": 97, "model": "restaurants.menuitem", "fields": {"price": 2930, "name": "Bahamas", "restaurant": 29}}, {"pk": 98, "model": "restaurants.menuitem", "fields": {"price": 2930, "name": "Creme Mexicano", "restaurant": 29}}, {"pk": 99, "model": "restaurants.menuitem", "fields": {"price": 1660, "name": "Margarita", "restaurant": 30}}, {"pk": 100, "model": "restaurants.menuitem", "fields": {"price": 2220, "name": "Hawaiian", "restaurant": 30}}, {"pk": 101, "model": "restaurants.menuitem", "fields": {"price": 2220, "name": "PS2", "restaurant": 30}}, {"pk": 102, "model": "restaurants.menuitem", "fields": {"price": 2220, "name": "Domino\u00b4s Basic", "restaurant": 30}}, {"pk": 103, "model": "restaurants.menuitem", "fields": {"price": 2790, "name": "New York", "restaurant": 30}}, {"pk": 104, "model": "restaurants.menuitem", "fields": {"price": 2790, "name": "Domino's Deluxe", "restaurant": 30}}, {"pk": 105, "model": "restaurants.menuitem", "fields": {"price": 2930, "name": "Domino's Surprise", "restaurant": 30}}, {"pk": 106, "model": "restaurants.menuitem", "fields": {"price": 2930, "name": "Bahamas", "restaurant": 30}}, {"pk": 107, "model": "restaurants.menuitem", "fields": {"price": 2930, "name": "Creme Mexicano", "restaurant": 30}}, {"pk": 108, "model": "restaurants.menuitem", "fields": {"price": 1660, "name": "Margarita", "restaurant": 31}}, {"pk": 109, "model": "restaurants.menuitem", "fields": {"price": 2220, "name": "Hawaiian", "restaurant": 31}}, {"pk": 110, "model": "restaurants.menuitem", "fields": {"price": 2220, "name": "PS2", "restaurant": 31}}, {"pk": 111, "model": "restaurants.menuitem", "fields": {"price": 2220, "name": "Domino\u00b4s Basic", "restaurant": 31}}, {"pk": 112, "model": "restaurants.menuitem", "fields": {"price": 2790, "name": "New York", "restaurant": 31}}, {"pk": 113, "model": "restaurants.menuitem", "fields": {"price": 2790, "name": "Domino's Deluxe", "restaurant": 31}}, {"pk": 114, "model": "restaurants.menuitem", "fields": {"price": 2930, "name": "Domino's Surprise", "restaurant": 31}}, {"pk": 115, "model": "restaurants.menuitem", "fields": {"price": 2930, "name": "Bahamas", "restaurant": 31}}, {"pk": 116, "model": "restaurants.menuitem", "fields": {"price": 2930, "name": "Creme Mexicano", "restaurant": 31}}, {"pk": 117, "model": "restaurants.menuitem", "fields": {"price": 1660, "name": "Margarita", "restaurant": 32}}, {"pk": 118, "model": "restaurants.menuitem", "fields": {"price": 2220, "name": "Hawaiian", "restaurant": 32}}, {"pk": 119, "model": "restaurants.menuitem", "fields": {"price": 2220, "name": "PS2", "restaurant": 32}}, {"pk": 120, "model": "restaurants.menuitem", "fields": {"price": 2220, "name": "Domino\u00b4s Basic", "restaurant": 32}}, {"pk": 121, "model": "restaurants.menuitem", "fields": {"price": 2790, "name": "New York", "restaurant": 32}}, {"pk": 122, "model": "restaurants.menuitem", "fields": {"price": 2790, "name": "Domino's Deluxe", "restaurant": 32}}, {"pk": 123, "model": "restaurants.menuitem", "fields": {"price": 2930, "name": "Domino's Surprise", "restaurant": 32}}, {"pk": 124, "model": "restaurants.menuitem", "fields": {"price": 2930, "name": "Bahamas", "restaurant": 32}}, {"pk": 125, "model": "restaurants.menuitem", "fields": {"price": 2930, "name": "Creme Mexicano", "restaurant": 32}}, {"pk": 126, "model": "restaurants.menuitem", "fields": {"price": 1660, "name": "Margarita", "restaurant": 33}}, {"pk": 127, "model": "restaurants.menuitem", "fields": {"price": 2220, "name": "Hawaiian", "restaurant": 33}}, {"pk": 128, "model": "restaurants.menuitem", "fields": {"price": 2220, "name": "PS2", "restaurant": 33}}, {"pk": 129, "model": "restaurants.menuitem", "fields": {"price": 2220, "name": "Domino\u00b4s Basic", "restaurant": 33}}, {"pk": 130, "model": "restaurants.menuitem", "fields": {"price": 2790, "name": "New York", "restaurant": 33}}, {"pk": 131, "model": "restaurants.menuitem", "fields": {"price": 2790, "name": "Domino's Deluxe", "restaurant": 33}}, {"pk": 132, "model": "restaurants.menuitem", "fields": {"price": 2930, "name": "Domino's Surprise", "restaurant": 33}}, {"pk": 133, "model": "restaurants.menuitem", "fields": {"price": 2930, "name": "Bahamas", "restaurant": 33}}, {"pk": 134, "model": "restaurants.menuitem", "fields": {"price": 2930, "name": "Creme Mexicano", "restaurant": 33}}, {"pk": 135, "model": "restaurants.menuitem", "fields": {"price": 1090, "name": "Beikonb\u00e1tur", "restaurant": 34}}, {"pk": 136, "model": "restaurants.menuitem", "fields": {"price": 1090, "name": "Chilib\u00e1tur", "restaurant": 34}}, {"pk": 137, "model": "restaurants.menuitem", "fields": {"price": 1090, "name": "Fiskib\u00e1tur", "restaurant": 34}}, {"pk": 138, "model": "restaurants.menuitem", "fields": {"price": 1190, "name": "Gauab\u00e1tur", "restaurant": 34}}, {"pk": 139, "model": "restaurants.menuitem", "fields": {"price": 990, "name": "Gr\u00e6nmetisb\u00e1tur", "restaurant": 34}}, {"pk": 140, "model": "restaurants.menuitem", "fields": {"price": 1190, "name": "Kalk\u00fanab\u00e1tur", "restaurant": 34}}, {"pk": 141, "model": "restaurants.menuitem", "fields": {"price": 1090, "name": "Karr\u00fdb\u00e1tur", "restaurant": 34}}, {"pk": 142, "model": "restaurants.menuitem", "fields": {"price": 1090, "name": "Kj\u00faklingab\u00e1tur", "restaurant": 34}}, {"pk": 143, "model": "restaurants.menuitem", "fields": {"price": 1450, "name": "Kj\u00faklingalundir", "restaurant": 34}}, {"pk": 144, "model": "restaurants.menuitem", "fields": {"price": 1450, "name": "Kj\u00f6tb\u00e1tur", "restaurant": 34}}, {"pk": 145, "model": "restaurants.menuitem", "fields": {"price": 1090, "name": "Lambab\u00e1tur", "restaurant": 34}}, {"pk": 146, "model": "restaurants.menuitem", "fields": {"price": 1190, "name": "L\u00faxusb\u00e1tur", "restaurant": 34}}, {"pk": 147, "model": "restaurants.menuitem", "fields": {"price": 1090, "name": "Nautab\u00e1tur", "restaurant": 34}}, {"pk": 148, "model": "restaurants.menuitem", "fields": {"price": 1190, "name": "Nauta og ostab\u00e1tur", "restaurant": 34}}, {"pk": 149, "model": "restaurants.menuitem", "fields": {"price": 1090, "name": "Pepperonib\u00e1tur", "restaurant": 34}}, {"pk": 150, "model": "restaurants.menuitem", "fields": {"price": 1190, "name": "R\u00e6kjub\u00e1tur", "restaurant": 34}}, {"pk": 151, "model": "restaurants.menuitem", "fields": {"price": 1090, "name": "Salamib\u00e1tur", "restaurant": 34}}, {"pk": 152, "model": "restaurants.menuitem", "fields": {"price": 990, "name": "Skinkub\u00e1tur", "restaurant": 34}}, {"pk": 153, "model": "restaurants.menuitem", "fields": {"price": 1190, "name": "Sv\u00ednab\u00e1tur", "restaurant": 34}}, {"pk": 154, "model": "restaurants.menuitem", "fields": {"price": 990, "name": "T\u00fanfiskb\u00e1tur", "restaurant": 34}}, {"pk": 155, "model": "restaurants.menuitem", "fields": {"price": 1090, "name": "Beikonb\u00e1tur", "restaurant": 35}}, {"pk": 156, "model": "restaurants.menuitem", "fields": {"price": 1090, "name": "Chilib\u00e1tur", "restaurant": 35}}, {"pk": 157, "model": "restaurants.menuitem", "fields": {"price": 1090, "name": "Fiskib\u00e1tur", "restaurant": 35}}, {"pk": 158, "model": "restaurants.menuitem", "fields": {"price": 1190, "name": "Gauab\u00e1tur", "restaurant": 35}}, {"pk": 159, "model": "restaurants.menuitem", "fields": {"price": 990, "name": "Gr\u00e6nmetisb\u00e1tur", "restaurant": 35}}, {"pk": 160, "model": "restaurants.menuitem", "fields": {"price": 1190, "name": "Kalk\u00fanab\u00e1tur", "restaurant": 35}}, {"pk": 161, "model": "restaurants.menuitem", "fields": {"price": 1090, "name": "Karr\u00fdb\u00e1tur", "restaurant": 35}}, {"pk": 162, "model": "restaurants.menuitem", "fields": {"price": 1090, "name": "Kj\u00faklingab\u00e1tur", "restaurant": 35}}, {"pk": 163, "model": "restaurants.menuitem", "fields": {"price": 1450, "name": "Kj\u00faklingalundir", "restaurant": 35}}, {"pk": 164, "model": "restaurants.menuitem", "fields": {"price": 1450, "name": "Kj\u00f6tb\u00e1tur", "restaurant": 35}}, {"pk": 165, "model": "restaurants.menuitem", "fields": {"price": 1090, "name": "Lambab\u00e1tur", "restaurant": 35}}, {"pk": 166, "model": "restaurants.menuitem", "fields": {"price": 1190, "name": "L\u00faxusb\u00e1tur", "restaurant": 35}}, {"pk": 167, "model": "restaurants.menuitem", "fields": {"price": 1090, "name": "Nautab\u00e1tur", "restaurant": 35}}, {"pk": 168, "model": "restaurants.menuitem", "fields": {"price": 1190, "name": "Nauta og ostab\u00e1tur", "restaurant": 35}}, {"pk": 169, "model": "restaurants.menuitem", "fields": {"price": 1090, "name": "Pepperonib\u00e1tur", "restaurant": 35}}, {"pk": 170, "model": "restaurants.menuitem", "fields": {"price": 1190, "name": "R\u00e6kjub\u00e1tur", "restaurant": 35}}, {"pk": 171, "model": "restaurants.menuitem", "fields": {"price": 1090, "name": "Salamib\u00e1tur", "restaurant": 35}}, {"pk": 172, "model": "restaurants.menuitem", "fields": {"price": 990, "name": "Skinkub\u00e1tur", "restaurant": 35}}, {"pk": 173, "model": "restaurants.menuitem", "fields": {"price": 1190, "name": "Sv\u00ednab\u00e1tur", "restaurant": 35}}, {"pk": 174, "model": "restaurants.menuitem", "fields": {"price": 990, "name": "T\u00fanfiskb\u00e1tur", "restaurant": 35}}, {"pk": 175, "model": "restaurants.menuitem", "fields": {"price": 399, "name": "I-Twist Sunny", "restaurant": 36}}, {"pk": 176, "model": "restaurants.menuitem", "fields": {"price": 649, "name": "Wrapstar", "restaurant": 36}}, {"pk": 177, "model": "restaurants.menuitem", "fields": {"price": 649, "name": "Kj\u00faklinga Borgari", "restaurant": 36}}, {"pk": 178, "model": "restaurants.menuitem", "fields": {"price": 679, "name": "Tower Borgari", "restaurant": 36}}, {"pk": 179, "model": "restaurants.menuitem", "fields": {"price": 679, "name": "Zinger Borgari", "restaurant": 36}}, {"pk": 180, "model": "restaurants.menuitem", "fields": {"price": 709, "name": "Zinger Tower Borgari", "restaurant": 36}}, {"pk": 181, "model": "restaurants.menuitem", "fields": {"price": 649, "name": "BoxMaster Orginal", "restaurant": 36}}, {"pk": 182, "model": "restaurants.menuitem", "fields": {"price": 289, "name": "Lundir", "restaurant": 36}}, {"pk": 183, "model": "restaurants.menuitem", "fields": {"price": 269, "name": "Original Kj\u00faklingur", "restaurant": 36}}, {"pk": 184, "model": "restaurants.menuitem", "fields": {"price": 649, "name": "Popcorn - L\u00edtill", "restaurant": 36}}, {"pk": 185, "model": "restaurants.menuitem", "fields": {"price": 899, "name": "Popcorn - St\u00f3r", "restaurant": 36}}, {"pk": 186, "model": "restaurants.menuitem", "fields": {"price": 199, "name": "Franskar kart\u00f6flur - L\u00edtill", "restaurant": 36}}, {"pk": 187, "model": "restaurants.menuitem", "fields": {"price": 349, "name": "Franskar kart\u00f6flur - Me\u00f0al", "restaurant": 36}}, {"pk": 188, "model": "restaurants.menuitem", "fields": {"price": 599, "name": "Franskar kart\u00f6flur - St\u00f3r", "restaurant": 36}}, {"pk": 189, "model": "restaurants.menuitem", "fields": {"price": 399, "name": "I-Twist Sunny", "restaurant": 37}}, {"pk": 190, "model": "restaurants.menuitem", "fields": {"price": 649, "name": "Wrapstar", "restaurant": 37}}, {"pk": 191, "model": "restaurants.menuitem", "fields": {"price": 649, "name": "Kj\u00faklinga Borgari", "restaurant": 37}}, {"pk": 192, "model": "restaurants.menuitem", "fields": {"price": 679, "name": "Tower Borgari", "restaurant": 37}}, {"pk": 193, "model": "restaurants.menuitem", "fields": {"price": 679, "name": "Zinger Borgari", "restaurant": 37}}, {"pk": 194, "model": "restaurants.menuitem", "fields": {"price": 709, "name": "Zinger Tower Borgari", "restaurant": 37}}, {"pk": 195, "model": "restaurants.menuitem", "fields": {"price": 649, "name": "BoxMaster Orginal", "restaurant": 37}}, {"pk": 196, "model": "restaurants.menuitem", "fields": {"price": 289, "name": "Lundir", "restaurant": 37}}, {"pk": 197, "model": "restaurants.menuitem", "fields": {"price": 269, "name": "Original Kj\u00faklingur", "restaurant": 37}}, {"pk": 198, "model": "restaurants.menuitem", "fields": {"price": 649, "name": "Popcorn - L\u00edtill", "restaurant": 37}}, {"pk": 199, "model": "restaurants.menuitem", "fields": {"price": 899, "name": "Popcorn - St\u00f3r", "restaurant": 37}}, {"pk": 200, "model": "restaurants.menuitem", "fields": {"price": 199, "name": "Franskar kart\u00f6flur - L\u00edtill", "restaurant": 37}}, {"pk": 201, "model": "restaurants.menuitem", "fields": {"price": 349, "name": "Franskar kart\u00f6flur - Me\u00f0al", "restaurant": 37}}, {"pk": 202, "model": "restaurants.menuitem", "fields": {"price": 599, "name": "Franskar kart\u00f6flur - St\u00f3r", "restaurant": 37}}, {"pk": 203, "model": "restaurants.menuitem", "fields": {"price": 399, "name": "I-Twist Sunny", "restaurant": 38}}, {"pk": 204, "model": "restaurants.menuitem", "fields": {"price": 649, "name": "Wrapstar", "restaurant": 38}}, {"pk": 205, "model": "restaurants.menuitem", "fields": {"price": 649, "name": "Kj\u00faklinga Borgari", "restaurant": 38}}, {"pk": 206, "model": "restaurants.menuitem", "fields": {"price": 679, "name": "Tower Borgari", "restaurant": 38}}, {"pk": 207, "model": "restaurants.menuitem", "fields": {"price": 679, "name": "Zinger Borgari", "restaurant": 38}}, {"pk": 208, "model": "restaurants.menuitem", "fields": {"price": 709, "name": "Zinger Tower Borgari", "restaurant": 38}}, {"pk": 209, "model": "restaurants.menuitem", "fields": {"price": 649, "name": "BoxMaster Orginal", "restaurant": 38}}, {"pk": 210, "model": "restaurants.menuitem", "fields": {"price": 289, "name": "Lundir", "restaurant": 38}}, {"pk": 211, "model": "restaurants.menuitem", "fields": {"price": 269, "name": "Original Kj\u00faklingur", "restaurant": 38}}, {"pk": 212, "model": "restaurants.menuitem", "fields": {"price": 649, "name": "Popcorn - L\u00edtill", "restaurant": 38}}, {"pk": 213, "model": "restaurants.menuitem", "fields": {"price": 899, "name": "Popcorn - St\u00f3r", "restaurant": 38}}, {"pk": 214, "model": "restaurants.menuitem", "fields": {"price": 199, "name": "Franskar kart\u00f6flur - L\u00edtill", "restaurant": 38}}, {"pk": 215, "model": "restaurants.menuitem", "fields": {"price": 349, "name": "Franskar kart\u00f6flur - Me\u00f0al", "restaurant": 38}}, {"pk": 216, "model": "restaurants.menuitem", "fields": {"price": 599, "name": "Franskar kart\u00f6flur - St\u00f3r", "restaurant": 38}}, {"pk": 217, "model": "restaurants.menuitem", "fields": {"price": 399, "name": "I-Twist Sunny", "restaurant": 39}}, {"pk": 218, "model": "restaurants.menuitem", "fields": {"price": 649, "name": "Wrapstar", "restaurant": 39}}, {"pk": 219, "model": "restaurants.menuitem", "fields": {"price": 649, "name": "Kj\u00faklinga Borgari", "restaurant": 39}}, {"pk": 220, "model": "restaurants.menuitem", "fields": {"price": 679, "name": "Tower Borgari", "restaurant": 39}}, {"pk": 221, "model": "restaurants.menuitem", "fields": {"price": 679, "name": "Zinger Borgari", "restaurant": 39}}, {"pk": 222, "model": "restaurants.menuitem", "fields": {"price": 709, "name": "Zinger Tower Borgari", "restaurant": 39}}, {"pk": 223, "model": "restaurants.menuitem", "fields": {"price": 649, "name": "BoxMaster Orginal", "restaurant": 39}}, {"pk": 224, "model": "restaurants.menuitem", "fields": {"price": 289, "name": "Lundir", "restaurant": 39}}, {"pk": 225, "model": "restaurants.menuitem", "fields": {"price": 269, "name": "Original Kj\u00faklingur", "restaurant": 39}}, {"pk": 226, "model": "restaurants.menuitem", "fields": {"price": 649, "name": "Popcorn - L\u00edtill", "restaurant": 39}}, {"pk": 227, "model": "restaurants.menuitem", "fields": {"price": 899, "name": "Popcorn - St\u00f3r", "restaurant": 39}}, {"pk": 228, "model": "restaurants.menuitem", "fields": {"price": 199, "name": "Franskar kart\u00f6flur - L\u00edtill", "restaurant": 39}}, {"pk": 229, "model": "restaurants.menuitem", "fields": {"price": 349, "name": "Franskar kart\u00f6flur - Me\u00f0al", "restaurant": 39}}, {"pk": 230, "model": "restaurants.menuitem", "fields": {"price": 599, "name": "Franskar kart\u00f6flur - St\u00f3r", "restaurant": 39}}, {"pk": 231, "model": "restaurants.menuitem", "fields": {"price": 399, "name": "I-Twist Sunny", "restaurant": 40}}, {"pk": 232, "model": "restaurants.menuitem", "fields": {"price": 649, "name": "Wrapstar", "restaurant": 40}}, {"pk": 233, "model": "restaurants.menuitem", "fields": {"price": 649, "name": "Kj\u00faklinga Borgari", "restaurant": 40}}, {"pk": 234, "model": "restaurants.menuitem", "fields": {"price": 679, "name": "Tower Borgari", "restaurant": 40}}, {"pk": 235, "model": "restaurants.menuitem", "fields": {"price": 679, "name": "Zinger Borgari", "restaurant": 40}}, {"pk": 236, "model": "restaurants.menuitem", "fields": {"price": 709, "name": "Zinger Tower Borgari", "restaurant": 40}}, {"pk": 237, "model": "restaurants.menuitem", "fields": {"price": 649, "name": "BoxMaster Orginal", "restaurant": 40}}, {"pk": 238, "model": "restaurants.menuitem", "fields": {"price": 289, "name": "Lundir", "restaurant": 40}}, {"pk": 239, "model": "restaurants.menuitem", "fields": {"price": 269, "name": "Original Kj\u00faklingur", "restaurant": 40}}, {"pk": 240, "model": "restaurants.menuitem", "fields": {"price": 649, "name": "Popcorn - L\u00edtill", "restaurant": 40}}, {"pk": 241, "model": "restaurants.menuitem", "fields": {"price": 899, "name": "Popcorn - St\u00f3r", "restaurant": 40}}, {"pk": 242, "model": "restaurants.menuitem", "fields": {"price": 199, "name": "Franskar kart\u00f6flur - L\u00edtill", "restaurant": 40}}, {"pk": 243, "model": "restaurants.menuitem", "fields": {"price": 349, "name": "Franskar kart\u00f6flur - Me\u00f0al", "restaurant": 40}}, {"pk": 244, "model": "restaurants.menuitem", "fields": {"price": 599, "name": "Franskar kart\u00f6flur - St\u00f3r", "restaurant": 40}}, {"pk": 245, "model": "restaurants.menuitem", "fields": {"price": 399, "name": "I-Twist Sunny", "restaurant": 41}}, {"pk": 246, "model": "restaurants.menuitem", "fields": {"price": 649, "name": "Wrapstar", "restaurant": 41}}, {"pk": 247, "model": "restaurants.menuitem", "fields": {"price": 649, "name": "Kj\u00faklinga Borgari", "restaurant": 41}}, {"pk": 248, "model": "restaurants.menuitem", "fields": {"price": 679, "name": "Tower Borgari", "restaurant": 41}}, {"pk": 249, "model": "restaurants.menuitem", "fields": {"price": 679, "name": "Zinger Borgari", "restaurant": 41}}, {"pk": 250, "model": "restaurants.menuitem", "fields": {"price": 709, "name": "Zinger Tower Borgari", "restaurant": 41}}, {"pk": 251, "model": "restaurants.menuitem", "fields": {"price": 649, "name": "BoxMaster Orginal", "restaurant": 41}}, {"pk": 252, "model": "restaurants.menuitem", "fields": {"price": 289, "name": "Lundir", "restaurant": 41}}, {"pk": 253, "model": "restaurants.menuitem", "fields": {"price": 269, "name": "Original Kj\u00faklingur", "restaurant": 41}}, {"pk": 254, "model": "restaurants.menuitem", "fields": {"price": 649, "name": "Popcorn - L\u00edtill", "restaurant": 41}}, {"pk": 255, "model": "restaurants.menuitem", "fields": {"price": 899, "name": "Popcorn - St\u00f3r", "restaurant": 41}}, {"pk": 256, "model": "restaurants.menuitem", "fields": {"price": 199, "name": "Franskar kart\u00f6flur - L\u00edtill", "restaurant": 41}}, {"pk": 257, "model": "restaurants.menuitem", "fields": {"price": 349, "name": "Franskar kart\u00f6flur - Me\u00f0al", "restaurant": 41}}, {"pk": 258, "model": "restaurants.menuitem", "fields": {"price": 599, "name": "Franskar kart\u00f6flur - St\u00f3r", "restaurant": 41}}, {"pk": 259, "model": "restaurants.menuitem", "fields": {"price": 399, "name": "I-Twist Sunny", "restaurant": 42}}, {"pk": 260, "model": "restaurants.menuitem", "fields": {"price": 649, "name": "Wrapstar", "restaurant": 42}}, {"pk": 261, "model": "restaurants.menuitem", "fields": {"price": 649, "name": "Kj\u00faklinga Borgari", "restaurant": 42}}, {"pk": 262, "model": "restaurants.menuitem", "fields": {"price": 679, "name": "Tower Borgari", "restaurant": 42}}, {"pk": 263, "model": "restaurants.menuitem", "fields": {"price": 679, "name": "Zinger Borgari", "restaurant": 42}}, {"pk": 264, "model": "restaurants.menuitem", "fields": {"price": 709, "name": "Zinger Tower Borgari", "restaurant": 42}}, {"pk": 265, "model": "restaurants.menuitem", "fields": {"price": 649, "name": "BoxMaster Orginal", "restaurant": 42}}, {"pk": 266, "model": "restaurants.menuitem", "fields": {"price": 289, "name": "Lundir", "restaurant": 42}}, {"pk": 267, "model": "restaurants.menuitem", "fields": {"price": 269, "name": "Original Kj\u00faklingur", "restaurant": 42}}, {"pk": 268, "model": "restaurants.menuitem", "fields": {"price": 649, "name": "Popcorn - L\u00edtill", "restaurant": 42}}, {"pk": 269, "model": "restaurants.menuitem", "fields": {"price": 899, "name": "Popcorn - St\u00f3r", "restaurant": 42}}, {"pk": 270, "model": "restaurants.menuitem", "fields": {"price": 199, "name": "Franskar kart\u00f6flur - L\u00edtill", "restaurant": 42}}, {"pk": 271, "model": "restaurants.menuitem", "fields": {"price": 349, "name": "Franskar kart\u00f6flur - Me\u00f0al", "restaurant": 42}}, {"pk": 272, "model": "restaurants.menuitem", "fields": {"price": 599, "name": "Franskar kart\u00f6flur - St\u00f3r", "restaurant": 42}}, {"pk": 1, "model": "restaurants.order", "fields": {"created": "2010-03-03 19:48:37", "user": 1, "restaurant": 10}}, {"pk": 2, "model": "restaurants.order", "fields": {"created": "2010-03-03 23:51:56", "user": 5, "restaurant": 10}}, {"pk": 3, "model": "restaurants.order", "fields": {"created": "2010-03-04 00:12:51", "user": 5, "restaurant": 1}}, {"pk": 4, "model": "restaurants.order", "fields": {"created": "2010-03-04 00:55:39", "user": 6, "restaurant": 10}}, {"pk": 5, "model": "restaurants.order", "fields": {"created": "2010-03-04 08:22:07", "user": 6, "restaurant": 9}}, {"pk": 6, "model": "restaurants.order", "fields": {"created": "2010-03-25 15:48:43", "user": 8, "restaurant": 10}}, {"pk": 7, "model": "restaurants.order", "fields": {"created": "2010-03-25 15:52:39", "user": 8, "restaurant": 9}}, {"pk": 8, "model": "restaurants.order", "fields": {"created": "2010-03-28 18:18:25", "user": 1, "restaurant": 10}}, {"pk": 10, "model": "restaurants.order", "fields": {"created": "2010-04-02 01:33:28", "user": 8, "restaurant": 10}}, {"pk": 11, "model": "restaurants.order", "fields": {"created": "2010-04-02 13:28:09", "user": 6, "restaurant": 9}}, {"pk": 12, "model": "restaurants.order", "fields": {"created": "2010-04-03 16:22:13", "user": 6, "restaurant": 9}}, {"pk": 13, "model": "restaurants.order", "fields": {"created": "2010-04-08 16:19:17", "user": 13, "restaurant": 9}}, {"pk": 14, "model": "restaurants.order", "fields": {"created": "2010-04-08 16:19:51", "user": 13, "restaurant": 1}}, {"pk": 15, "model": "restaurants.order", "fields": {"created": "2010-04-08 16:20:54", "user": 13, "restaurant": 1}}, {"pk": 16, "model": "restaurants.order", "fields": {"created": "2010-04-10 14:51:23", "user": 6, "restaurant": 21}}, {"pk": 17, "model": "restaurants.order", "fields": {"created": "2010-04-11 22:51:59", "user": 8, "restaurant": 28}}, {"pk": 18, "model": "restaurants.order", "fields": {"created": "2010-04-11 22:54:26", "user": 8, "restaurant": 9}}, {"pk": 19, "model": "restaurants.order", "fields": {"created": "2010-04-12 12:30:05", "user": 6, "restaurant": 35}}, {"pk": 20, "model": "restaurants.order", "fields": {"created": "2010-04-12 12:32:20", "user": 6, "restaurant": 35}}, {"pk": 21, "model": "restaurants.order", "fields": {"created": "2010-04-12 12:35:21", "user": 13, "restaurant": 9}}, {"pk": 22, "model": "restaurants.order", "fields": {"created": "2010-04-12 13:42:29", "user": 1, "restaurant": 31}}, {"pk": 23, "model": "restaurants.order", "fields": {"created": "2010-04-12 13:46:53", "user": 1, "restaurant": 31}}, {"pk": 24, "model": "restaurants.order", "fields": {"created": "2010-04-12 13:48:46", "user": 6, "restaurant": 35}}, {"pk": 25, "model": "restaurants.order", "fields": {"created": "2010-04-12 13:54:42", "user": 6, "restaurant": 35}}, {"pk": 26, "model": "restaurants.order", "fields": {"created": "2010-04-12 13:56:07", "user": 1, "restaurant": 31}}, {"pk": 27, "model": "restaurants.order", "fields": {"created": "2010-04-12 13:57:50", "user": 6, "restaurant": 35}}, {"pk": 28, "model": "restaurants.order", "fields": {"created": "2010-04-12 13:59:10", "user": 6, "restaurant": 35}}, {"pk": 29, "model": "restaurants.order", "fields": {"created": "2010-04-12 14:00:51", "user": 6, "restaurant": 35}}, {"pk": 30, "model": "restaurants.order", "fields": {"created": "2010-04-12 14:03:03", "user": 6, "restaurant": 27}}, {"pk": 31, "model": "restaurants.order", "fields": {"created": "2010-04-12 16:34:18", "user": 13, "restaurant": 22}}, {"pk": 32, "model": "restaurants.order", "fields": {"created": "2010-04-12 20:16:44", "user": 6, "restaurant": 27}}, {"pk": 33, "model": "restaurants.order", "fields": {"created": "2010-04-12 20:22:51", "user": 6, "restaurant": 35}}, {"pk": 34, "model": "restaurants.order", "fields": {"created": "2010-04-12 20:24:51", "user": 6, "restaurant": 35}}, {"pk": 35, "model": "restaurants.order", "fields": {"created": "2010-04-12 20:26:06", "user": 6, "restaurant": 35}}, {"pk": 36, "model": "restaurants.order", "fields": {"created": "2010-04-12 20:28:54", "user": 6, "restaurant": 35}}, {"pk": 37, "model": "restaurants.order", "fields": {"created": "2010-04-12 20:54:49", "user": 6, "restaurant": 35}}, {"pk": 38, "model": "restaurants.order", "fields": {"created": "2010-04-12 20:59:33", "user": 6, "restaurant": 23}}, {"pk": 39, "model": "restaurants.order", "fields": {"created": "2010-04-13 11:58:51", "user": 13, "restaurant": 24}}, {"pk": 40, "model": "restaurants.order", "fields": {"created": "2010-04-13 13:41:34", "user": 6, "restaurant": 42}}, {"pk": 1, "model": "restaurants.orderline", "fields": {"count": 1, "item": 4, "price": 5200, "order": 1}}, {"pk": 2, "model": "restaurants.orderline", "fields": {"count": 2, "item": 5, "price": 5200, "order": 1}}, {"pk": 3, "model": "restaurants.orderline", "fields": {"count": 3, "item": 6, "price": 5200, "order": 1}}, {"pk": 4, "model": "restaurants.orderline", "fields": {"count": 1, "item": 4, "price": 5200, "order": 2}}, {"pk": 5, "model": "restaurants.orderline", "fields": {"count": 3, "item": 5, "price": 5200, "order": 2}}, {"pk": 6, "model": "restaurants.orderline", "fields": {"count": 6, "item": 6, "price": 5200, "order": 2}}, {"pk": 7, "model": "restaurants.orderline", "fields": {"count": 1, "item": 1, "price": 6300, "order": 3}}, {"pk": 8, "model": "restaurants.orderline", "fields": {"count": 1, "item": 3, "price": 4950, "order": 3}}, {"pk": 9, "model": "restaurants.orderline", "fields": {"count": 2, "item": 2, "price": 3850, "order": 3}}, {"pk": 10, "model": "restaurants.orderline", "fields": {"count": 2, "item": 5, "price": 5200, "order": 4}}, {"pk": 11, "model": "restaurants.orderline", "fields": {"count": 1, "item": 4, "price": 5200, "order": 4}}, {"pk": 12, "model": "restaurants.orderline", "fields": {"count": 2, "item": 8, "price": 9400, "order": 5}}, {"pk": 13, "model": "restaurants.orderline", "fields": {"count": 1, "item": 4, "price": 5200, "order": 6}}, {"pk": 14, "model": "restaurants.orderline", "fields": {"count": 2, "item": 6, "price": 5200, "order": 6}}, {"pk": 15, "model": "restaurants.orderline", "fields": {"count": 2, "item": 4, "price": 5200, "order": 8}}, {"pk": 16, "model": "restaurants.orderline", "fields": {"count": 1, "item": 4, "price": 5200, "order": 10}}, {"pk": 17, "model": "restaurants.orderline", "fields": {"count": 2, "item": 6, "price": 5200, "order": 10}}, {"pk": 18, "model": "restaurants.orderline", "fields": {"count": 2, "item": 8, "price": 9400, "order": 11}}, {"pk": 19, "model": "restaurants.orderline", "fields": {"count": 2, "item": 8, "price": 9400, "order": 12}}, {"pk": 20, "model": "restaurants.orderline", "fields": {"count": 3, "item": 7, "price": 9400, "order": 13}}, {"pk": 21, "model": "restaurants.orderline", "fields": {"count": 1, "item": 8, "price": 9400, "order": 13}}, {"pk": 22, "model": "restaurants.orderline", "fields": {"count": 1, "item": 2, "price": 3850, "order": 14}}, {"pk": 23, "model": "restaurants.orderline", "fields": {"count": 4, "item": 1, "price": 6300, "order": 14}}, {"pk": 24, "model": "restaurants.orderline", "fields": {"count": 1, "item": 2, "price": 3850, "order": 15}}, {"pk": 25, "model": "restaurants.orderline", "fields": {"count": 4, "item": 1, "price": 6300, "order": 15}}, {"pk": 26, "model": "restaurants.orderline", "fields": {"count": 1, "item": 21, "price": 2220, "order": 16}}, {"pk": 27, "model": "restaurants.orderline", "fields": {"count": 2, "item": 84, "price": 2220, "order": 17}}, {"pk": 28, "model": "restaurants.orderline", "fields": {"count": 1, "item": 8, "price": 9400, "order": 18}}, {"pk": 29, "model": "restaurants.orderline", "fields": {"count": 1, "item": 169, "price": 1090, "order": 19}}, {"pk": 30, "model": "restaurants.orderline", "fields": {"count": 1, "item": 170, "price": 1190, "order": 19}}, {"pk": 31, "model": "restaurants.orderline", "fields": {"count": 1, "item": 155, "price": 1090, "order": 20}}, {"pk": 32, "model": "restaurants.orderline", "fields": {"count": 1, "item": 158, "price": 1190, "order": 20}}, {"pk": 33, "model": "restaurants.orderline", "fields": {"count": 1, "item": 156, "price": 1090, "order": 20}}, {"pk": 34, "model": "restaurants.orderline", "fields": {"count": 1, "item": 8, "price": 9400, "order": 21}}, {"pk": 35, "model": "restaurants.orderline", "fields": {"count": 1, "item": 108, "price": 1660, "order": 22}}, {"pk": 36, "model": "restaurants.orderline", "fields": {"count": 1, "item": 109, "price": 2220, "order": 23}}, {"pk": 37, "model": "restaurants.orderline", "fields": {"count": 1, "item": 156, "price": 1090, "order": 24}}, {"pk": 38, "model": "restaurants.orderline", "fields": {"count": 1, "item": 157, "price": 1090, "order": 25}}, {"pk": 39, "model": "restaurants.orderline", "fields": {"count": 6, "item": 109, "price": 2220, "order": 26}}, {"pk": 40, "model": "restaurants.orderline", "fields": {"count": 1, "item": 157, "price": 1090, "order": 27}}, {"pk": 41, "model": "restaurants.orderline", "fields": {"count": 1, "item": 172, "price": 990, "order": 28}}, {"pk": 42, "model": "restaurants.orderline", "fields": {"count": 1, "item": 156, "price": 1090, "order": 29}}, {"pk": 43, "model": "restaurants.orderline", "fields": {"count": 1, "item": 73, "price": 2220, "order": 30}}, {"pk": 44, "model": "restaurants.orderline", "fields": {"count": 1, "item": 28, "price": 2220, "order": 31}}, {"pk": 45, "model": "restaurants.orderline", "fields": {"count": 1, "item": 75, "price": 2220, "order": 32}}, {"pk": 46, "model": "restaurants.orderline", "fields": {"count": 1, "item": 156, "price": 1090, "order": 33}}, {"pk": 47, "model": "restaurants.orderline", "fields": {"count": 1, "item": 158, "price": 1190, "order": 34}}, {"pk": 48, "model": "restaurants.orderline", "fields": {"count": 1, "item": 163, "price": 1450, "order": 35}}, {"pk": 49, "model": "restaurants.orderline", "fields": {"count": 1, "item": 157, "price": 1090, "order": 36}}, {"pk": 50, "model": "restaurants.orderline", "fields": {"count": 1, "item": 169, "price": 1090, "order": 37}}, {"pk": 51, "model": "restaurants.orderline", "fields": {"count": 1, "item": 43, "price": 2930, "order": 38}}, {"pk": 52, "model": "restaurants.orderline", "fields": {"count": 2, "item": 46, "price": 2220, "order": 39}}, {"pk": 53, "model": "restaurants.orderline", "fields": {"count": 2, "item": 270, "price": 199, "order": 40}}]
