[{"pk": 1, "model": "restaurants.user", "fields": {"lastName": "J\u00f3ns", "apikey": "TEST", "password": "1234", "email": "siggijons27@gmail.com", "firstName": "Siggi"}}, {"pk": 1, "model": "restaurants.pricegroup", "fields": {"name": "Pricegroup 1"}}, {"pk": 2, "model": "restaurants.pricegroup", "fields": {"name": "Pricegroup 2"}}, {"pk": 3, "model": "restaurants.pricegroup", "fields": {"name": "Pricegroup 3"}}, {"pk": 1, "model": "restaurants.type", "fields": {"name": "Bakery"}}, {"pk": 2, "model": "restaurants.type", "fields": {"name": "Barbecue"}}, {"pk": 3, "model": "restaurants.type", "fields": {"name": "Bistro"}}, {"pk": 4, "model": "restaurants.type", "fields": {"name": "Buffet"}}, {"pk": 5, "model": "restaurants.type", "fields": {"name": "Caf\u00e9"}}, {"pk": 6, "model": "restaurants.type", "fields": {"name": "Casual"}}, {"pk": 7, "model": "restaurants.type", "fields": {"name": "Chicken"}}, {"pk": 8, "model": "restaurants.type", "fields": {"name": "Chinese"}}, {"pk": 9, "model": "restaurants.type", "fields": {"name": "Coffeehouse"}}, {"pk": 10, "model": "restaurants.type", "fields": {"name": "Diner"}}, {"pk": 11, "model": "restaurants.type", "fields": {"name": "Drive-in"}}, {"pk": 12, "model": "restaurants.type", "fields": {"name": "Fast food"}}, {"pk": 13, "model": "restaurants.type", "fields": {"name": "Fish"}}, {"pk": 14, "model": "restaurants.type", "fields": {"name": "Grilled"}}, {"pk": 15, "model": "restaurants.type", "fields": {"name": "Hamburger"}}, {"pk": 16, "model": "restaurants.type", "fields": {"name": "Health food"}}, {"pk": 17, "model": "restaurants.type", "fields": {"name": "Hot Dog"}}, {"pk": 18, "model": "restaurants.type", "fields": {"name": "Ice cream"}}, {"pk": 19, "model": "restaurants.type", "fields": {"name": "Indian"}}, {"pk": 20, "model": "restaurants.type", "fields": {"name": "Italian"}}, {"pk": 21, "model": "restaurants.type", "fields": {"name": "Japanese"}}, {"pk": 22, "model": "restaurants.type", "fields": {"name": "Juice Bar"}}, {"pk": 23, "model": "restaurants.type", "fields": {"name": "Mexican"}}, {"pk": 24, "model": "restaurants.type", "fields": {"name": "Pizza"}}, {"pk": 25, "model": "restaurants.type", "fields": {"name": "Pub"}}, {"pk": 26, "model": "restaurants.type", "fields": {"name": "Sandwich"}}, {"pk": 27, "model": "restaurants.type", "fields": {"name": "Seafood"}}, {"pk": 28, "model": "restaurants.type", "fields": {"name": "Steak"}}, {"pk": 29, "model": "restaurants.type", "fields": {"name": "Steakhouse"}}, {"pk": 34, "model": "restaurants.type", "fields": {"name": "Sushi"}}, {"pk": 30, "model": "restaurants.type", "fields": {"name": "Take-out"}}, {"pk": 31, "model": "restaurants.type", "fields": {"name": "Taverns"}}, {"pk": 32, "model": "restaurants.type", "fields": {"name": "Thai"}}, {"pk": 33, "model": "restaurants.type", "fields": {"name": "Vegetarian"}}, {"pk": 1, "model": "restaurants.restaurant", "fields": {"website": "www.argentina.is", "city": "Reykjav\u00edk", "name": "Argent\u00edna", "zip": 101, "created": "2010-02-10 15:53:14", "pricegroup": 1, "phone": "551 9555", "address": "Bar\u00f3nst\u00edg 11a", "lat": 64144066, "lng": -21918433, "email": "salur@argentina.is", "types": [28, 29], "description": ""}}, {"pk": 2, "model": "restaurants.restaurant", "fields": {"website": "www.austurindia.is", "city": "Reykjav\u00edk", "name": "Austur Ind\u00edaf\u00e9lagi\u00f0", "zip": 101, "created": "2010-02-10 15:54:09", "pricegroup": 1, "phone": "552 1630", "address": "Hverfisg\u00f6tu 56", "lat": 64145650, "lng": -21925600, "email": "austurindia@austurindia.is", "types": [19], "description": ""}}, {"pk": 3, "model": "restaurants.restaurant", "fields": {"website": "www.cafeparis.is", "city": "Reykjav\u00edk", "name": "Cafe Par\u00eds", "zip": 101, "created": "2010-02-10 15:54:53", "pricegroup": 1, "phone": "551 1020", "address": "Austurstr\u00e6ti 14", "lat": 64147516, "lng": -21938916, "email": "cafeparis@cafeparis.is", "types": [5], "description": ""}}, {"pk": 4, "model": "restaurants.restaurant", "fields": {"website": "www.caruso.is", "city": "Reykjav\u00edk", "name": "Caruso", "zip": 101, "created": "2010-02-10 15:56:12", "pricegroup": 2, "phone": "562 7335", "address": "\u00deingholtsstr\u00e6ti 1", "lat": 64146666, "lng": -21934300, "email": "caruso@caruso.is", "types": [20], "description": ""}}, {"pk": 5, "model": "restaurants.restaurant", "fields": {"website": "www.einarben.is", "city": "Reykjav\u00edk", "name": "Einar Ben", "zip": 101, "created": "2010-02-10 15:57:00", "pricegroup": 3, "phone": "511 5090", "address": "Veltusund 1", "lat": 64147816, "lng": -21940800, "email": "einarben@einarben.is", "types": [13, 28], "description": ""}}, {"pk": 6, "model": "restaurants.restaurant", "fields": {"website": "www.fiskmarkadurinn.is", "city": "Reykjav\u00edk", "name": "Fiskmarka\u00f0urinn", "zip": 101, "created": "2010-02-10 15:57:33", "pricegroup": 1, "phone": "578 8877", "address": "A\u00f0alstr\u00e6ti 12", "lat": 64147733, "lng": -21942216, "email": "info@fiskmarkadurinn.is", "types": [13], "description": ""}}, {"pk": 7, "model": "restaurants.restaurant", "fields": {"website": "www.reykjavikhotels.is", "city": "Reykjav\u00edk", "name": "Fjalak\u00f6tturinn", "zip": 101, "created": "2010-02-10 16:03:24", "pricegroup": 2, "phone": "514 6000", "address": "A\u00f0alstr\u00e6ti", "lat": 64147516, "lng": -21942383, "email": "", "types": [14], "description": ""}}, {"pk": 8, "model": "restaurants.restaurant", "fields": {"website": "www.fridrikv.is", "city": "Akureyri", "name": "Fri\u00f0rik V. Brasserie", "zip": 600, "created": "2010-02-10 16:04:01", "pricegroup": 3, "phone": "461 5775", "address": "Kaupvangsstr\u00e6ti 6", "lat": 65679350, "lng": -18094383, "email": "fridrikv@fridrikv.is", "types": [], "description": ""}}, {"pk": 9, "model": "restaurants.restaurant", "fields": {"website": "www.holt.is", "city": "Reykjav\u00edk", "name": "Gallery Restaurant, H\u00f3tel Holti", "zip": 101, "created": "2010-02-10 16:04:33", "pricegroup": 3, "phone": "552 5700", "address": "Bergsta\u00f0astr\u00e6ti 37", "lat": 64142866, "lng": -21934916, "email": "gallery@holt.is", "types": [27, 28], "description": ""}}, {"pk": 10, "model": "restaurants.restaurant", "fields": {"website": "www.grillid.is", "city": "Reykjav\u00edk", "name": "Grilli\u00f0", "zip": 107, "created": "2010-02-10 16:05:07", "pricegroup": 3, "phone": "525 9960", "address": "v/Hagatorg", "lat": 64140233, "lng": -21954283, "email": "grillid@grillid.is", "types": [13, 14, 28], "description": ""}}, {"pk": 15, "model": "restaurants.restaurant", "fields": {"website": "", "city": "Reykjav\u00edk", "name": "Hamborgarab\u00falla T\u00f3masar", "zip": 101, "created": "2010-02-10 16:09:42", "pricegroup": 2, "phone": "511 1888", "address": "Geirsg\u00f6tu 1", "lat": 64125300, "lng": -21816700, "email": "hbta@simnet.is", "types": [15], "description": ""}}, {"pk": 16, "model": "restaurants.restaurant", "fields": {"website": "www.hereford.is", "city": "Reykjav\u00edk", "name": "Hereford steikh\u00fas", "zip": 101, "created": "2010-02-10 16:10:19", "pricegroup": 3, "phone": "511 3350", "address": " Laugavegi 53B", "lat": 64144700, "lng": -21923400, "email": "hereford@hereford.is", "types": [28, 29], "description": ""}}, {"pk": 14, "model": "restaurants.restaurant", "fields": {"website": "www.hresso.is", "city": "Reykjav\u00edk", "name": "Hressingarsk\u00e1linn", "zip": 101, "created": "2010-02-10 16:09:09", "pricegroup": 2, "phone": "561 2240", "address": " Austurstr\u00e6ti 20", "lat": 21147366, "lng": -21937650, "email": "hresso@hresso.is", "types": [6], "description": ""}}, {"pk": 17, "model": "restaurants.restaurant", "fields": {"website": "http://hroihottur.is", "city": "Reykjav\u00edk", "name": "Hr\u00f3i H\u00f6ttur", "zip": 107, "created": "2010-02-10 16:10:53", "pricegroup": 1, "phone": "5629292", "address": "Hringbraut 119", "lat": 64150333, "lng": -21960316, "email": "hroihottur@centrum.is", "types": [24], "description": ""}}, {"pk": 13, "model": "restaurants.restaurant", "fields": {"website": "www.humarskipid.is", "city": "Reykjav\u00edk", "name": "Humarskipi\u00f0", "zip": 101, "created": "2010-02-10 16:08:35", "pricegroup": 2, "phone": "562 2300", "address": "Su\u00f0urbugt", "lat": 64150883, "lng": -21942116, "email": "info@humarskipid.is", "types": [13, 27], "description": ""}}, {"pk": 11, "model": "restaurants.restaurant", "fields": {"website": "www.allseasonhotels.is", "city": "Hella", "name": "H\u00f3tel Rang\u00e1", "zip": 851, "created": "2010-02-10 16:05:43", "pricegroup": 3, "phone": "487 5700", "address": "V/Su\u00f0urlandsveg", "lat": 63830550, "lng": -20422300, "email": "hotelranga@hotelranga.is", "types": [10], "description": ""}}, {"pk": 12, "model": "restaurants.restaurant", "fields": {"website": "www.hotel-ork.is", "city": "Hverager\u00f0i", "name": "H\u00f3tel \u00d6rk", "zip": 810, "created": "2010-02-10 16:06:42", "pricegroup": 2, "phone": "354 483", "address": "Brei\u00f0um\u00f6rk 1c", "lat": 63997333, "lng": -21192333, "email": "info@hotel-ork.is", "types": [10], "description": ""}}, {"pk": 18, "model": "restaurants.restaurant", "fields": {"website": "http://www.osushi.is", "city": "Reykjav\u00edk", "name": "Osushi The Train", "zip": 101, "created": "2010-02-10 16:11:25", "pricegroup": 2, "phone": "561 0562", "address": "L\u00e6kjarg\u00f6tu 2a", "lat": 64147100, "lng": -21937133, "email": "osushi@osushi.is", "types": [34], "description": ""}}, {"pk": 19, "model": "restaurants.restaurant", "fields": {"website": "", "city": "Reykjavik", "name": "Testari", "zip": 101, "created": "2010-02-10 18:58:03", "pricegroup": 1, "phone": "8483756", "address": "Eggertsg\u00f6tu 8", "lat": 10, "lng": 12, "email": "", "types": [], "description": "Test"}}, {"pk": 1, "model": "restaurants.rating", "fields": {"rating": 5, "user": 1, "restaurant": 1}}, {"pk": 2, "model": "restaurants.rating", "fields": {"rating": 5, "user": 1, "restaurant": 1}}, {"pk": 1, "model": "restaurants.menuitem", "fields": {"price": 6300, "name": "Grilled langoustine with chili-garlic butter and salad", "restaurant": 1}}, {"pk": 2, "model": "restaurants.menuitem", "fields": {"price": 3850, "name": "Selection of Icelanic fish", "restaurant": 1}}, {"pk": 3, "model": "restaurants.menuitem", "fields": {"price": 4950, "name": "Lamb tenderloins with marinated garlic cloves 9 oz", "restaurant": 1}}, {"pk": 4, "model": "restaurants.menuitem", "fields": {"price": 5200, "name": "Halibut, carrot and oranges", "restaurant": 10}}, {"pk": 5, "model": "restaurants.menuitem", "fields": {"price": 5200, "name": "Turbot, cauliflower, grapes and almonds", "restaurant": 10}}, {"pk": 6, "model": "restaurants.menuitem", "fields": {"price": 5200, "name": "Fillet of lamb, shoulder and beatroot", "restaurant": 10}}, {"pk": 7, "model": "restaurants.menuitem", "fields": {"price": 9400, "name": "Icelandic duck from Hlidarberg in Hornafjordur", "restaurant": 9}}, {"pk": 8, "model": "restaurants.menuitem", "fields": {"price": 9400, "name": "Reindeer soup under puff pastry, slow cooked reindeer chest and artichoke", "restaurant": 9}}]
