[{"pk": 43, "model": "auth.permission", "fields": {"codename": "add_logentry", "name": "Can add log entry", "content_type": 15}}, {"pk": 44, "model": "auth.permission", "fields": {"codename": "change_logentry", "name": "Can change log entry", "content_type": 15}}, {"pk": 45, "model": "auth.permission", "fields": {"codename": "delete_logentry", "name": "Can delete log entry", "content_type": 15}}, {"pk": 4, "model": "auth.permission", "fields": {"codename": "add_group", "name": "Can add group", "content_type": 2}}, {"pk": 10, "model": "auth.permission", "fields": {"codename": "add_message", "name": "Can add message", "content_type": 4}}, {"pk": 1, "model": "auth.permission", "fields": {"codename": "add_permission", "name": "Can add permission", "content_type": 1}}, {"pk": 7, "model": "auth.permission", "fields": {"codename": "add_user", "name": "Can add user", "content_type": 3}}, {"pk": 5, "model": "auth.permission", "fields": {"codename": "change_group", "name": "Can change group", "content_type": 2}}, {"pk": 11, "model": "auth.permission", "fields": {"codename": "change_message", "name": "Can change message", "content_type": 4}}, {"pk": 2, "model": "auth.permission", "fields": {"codename": "change_permission", "name": "Can change permission", "content_type": 1}}, {"pk": 8, "model": "auth.permission", "fields": {"codename": "change_user", "name": "Can change user", "content_type": 3}}, {"pk": 6, "model": "auth.permission", "fields": {"codename": "delete_group", "name": "Can delete group", "content_type": 2}}, {"pk": 12, "model": "auth.permission", "fields": {"codename": "delete_message", "name": "Can delete message", "content_type": 4}}, {"pk": 3, "model": "auth.permission", "fields": {"codename": "delete_permission", "name": "Can delete permission", "content_type": 1}}, {"pk": 9, "model": "auth.permission", "fields": {"codename": "delete_user", "name": "Can delete user", "content_type": 3}}, {"pk": 13, "model": "auth.permission", "fields": {"codename": "add_contenttype", "name": "Can add content type", "content_type": 5}}, {"pk": 14, "model": "auth.permission", "fields": {"codename": "change_contenttype", "name": "Can change content type", "content_type": 5}}, {"pk": 15, "model": "auth.permission", "fields": {"codename": "delete_contenttype", "name": "Can delete content type", "content_type": 5}}, {"pk": 40, "model": "auth.permission", "fields": {"codename": "add_menuitem", "name": "Can add menu item", "content_type": 14}}, {"pk": 46, "model": "auth.permission", "fields": {"codename": "add_order", "name": "Can add order", "content_type": 16}}, {"pk": 49, "model": "auth.permission", "fields": {"codename": "add_orderline", "name": "Can add order line", "content_type": 17}}, {"pk": 25, "model": "auth.permission", "fields": {"codename": "add_pricegroup", "name": "Can add pricegroup", "content_type": 9}}, {"pk": 37, "model": "auth.permission", "fields": {"codename": "add_rating", "name": "Can add rating", "content_type": 13}}, {"pk": 31, "model": "auth.permission", "fields": {"codename": "add_restaurant", "name": "Can add restaurant", "content_type": 11}}, {"pk": 34, "model": "auth.permission", "fields": {"codename": "add_review", "name": "Can add review", "content_type": 12}}, {"pk": 28, "model": "auth.permission", "fields": {"codename": "add_type", "name": "Can add type", "content_type": 10}}, {"pk": 22, "model": "auth.permission", "fields": {"codename": "add_user", "name": "Can add user", "content_type": 8}}, {"pk": 41, "model": "auth.permission", "fields": {"codename": "change_menuitem", "name": "Can change menu item", "content_type": 14}}, {"pk": 47, "model": "auth.permission", "fields": {"codename": "change_order", "name": "Can change order", "content_type": 16}}, {"pk": 50, "model": "auth.permission", "fields": {"codename": "change_orderline", "name": "Can change order line", "content_type": 17}}, {"pk": 26, "model": "auth.permission", "fields": {"codename": "change_pricegroup", "name": "Can change pricegroup", "content_type": 9}}, {"pk": 38, "model": "auth.permission", "fields": {"codename": "change_rating", "name": "Can change rating", "content_type": 13}}, {"pk": 32, "model": "auth.permission", "fields": {"codename": "change_restaurant", "name": "Can change restaurant", "content_type": 11}}, {"pk": 35, "model": "auth.permission", "fields": {"codename": "change_review", "name": "Can change review", "content_type": 12}}, {"pk": 29, "model": "auth.permission", "fields": {"codename": "change_type", "name": "Can change type", "content_type": 10}}, {"pk": 23, "model": "auth.permission", "fields": {"codename": "change_user", "name": "Can change user", "content_type": 8}}, {"pk": 42, "model": "auth.permission", "fields": {"codename": "delete_menuitem", "name": "Can delete menu item", "content_type": 14}}, {"pk": 48, "model": "auth.permission", "fields": {"codename": "delete_order", "name": "Can delete order", "content_type": 16}}, {"pk": 51, "model": "auth.permission", "fields": {"codename": "delete_orderline", "name": "Can delete order line", "content_type": 17}}, {"pk": 27, "model": "auth.permission", "fields": {"codename": "delete_pricegroup", "name": "Can delete pricegroup", "content_type": 9}}, {"pk": 39, "model": "auth.permission", "fields": {"codename": "delete_rating", "name": "Can delete rating", "content_type": 13}}, {"pk": 33, "model": "auth.permission", "fields": {"codename": "delete_restaurant", "name": "Can delete restaurant", "content_type": 11}}, {"pk": 36, "model": "auth.permission", "fields": {"codename": "delete_review", "name": "Can delete review", "content_type": 12}}, {"pk": 30, "model": "auth.permission", "fields": {"codename": "delete_type", "name": "Can delete type", "content_type": 10}}, {"pk": 24, "model": "auth.permission", "fields": {"codename": "delete_user", "name": "Can delete user", "content_type": 8}}, {"pk": 16, "model": "auth.permission", "fields": {"codename": "add_session", "name": "Can add session", "content_type": 6}}, {"pk": 17, "model": "auth.permission", "fields": {"codename": "change_session", "name": "Can change session", "content_type": 6}}, {"pk": 18, "model": "auth.permission", "fields": {"codename": "delete_session", "name": "Can delete session", "content_type": 6}}, {"pk": 19, "model": "auth.permission", "fields": {"codename": "add_site", "name": "Can add site", "content_type": 7}}, {"pk": 20, "model": "auth.permission", "fields": {"codename": "change_site", "name": "Can change site", "content_type": 7}}, {"pk": 21, "model": "auth.permission", "fields": {"codename": "delete_site", "name": "Can delete site", "content_type": 7}}, {"pk": 1, "model": "auth.user", "fields": {"username": "foodo", "first_name": "", "last_name": "", "is_active": true, "is_superuser": true, "is_staff": true, "last_login": "2010-04-12 11:20:12", "groups": [], "user_permissions": [], "password": "sha1$3e9d3$c2f169b1be5f7ba35117a805a01a7d81d586ba14", "email": "bashandroid@googlegroups.com", "date_joined": "2010-02-20 00:04:17"}}, {"pk": 2, "model": "auth.user", "fields": {"username": "Arnar", "first_name": "", "last_name": "", "is_active": true, "is_superuser": true, "is_staff": true, "last_login": "2010-04-11 22:03:23", "groups": [], "user_permissions": [], "password": "sha1$4adb2$b1c54a15d21d7e566e80469d87dda2c72b7ac5fb", "email": "", "date_joined": "2010-03-28 20:25:54"}}, {"pk": 3, "model": "auth.user", "fields": {"username": "hallizh", "first_name": "", "last_name": "", "is_active": true, "is_superuser": false, "is_staff": true, "last_login": "2010-03-28 20:44:30", "groups": [], "user_permissions": [43, 44, 45, 4, 10, 1, 7, 5, 11, 2, 8, 6, 12, 3, 9, 13, 14, 15, 40, 46, 49, 25, 37, 31, 34, 28, 22, 41, 47, 50, 26, 38, 32, 35, 29, 23, 42, 48, 51, 27, 39, 33, 36, 30, 24, 16, 17, 18, 19, 20, 21], "password": "sha1$2e15b$e7f0fceec5ef199c5eb83e158181fd958b1a77b8", "email": "", "date_joined": "2010-03-28 20:26:02"}}, {"pk": 5, "model": "contenttypes.contenttype", "fields": {"model": "contenttype", "name": "content type", "app_label": "contenttypes"}}, {"pk": 2, "model": "contenttypes.contenttype", "fields": {"model": "group", "name": "group", "app_label": "auth"}}, {"pk": 15, "model": "contenttypes.contenttype", "fields": {"model": "logentry", "name": "log entry", "app_label": "admin"}}, {"pk": 14, "model": "contenttypes.contenttype", "fields": {"model": "menuitem", "name": "menu item", "app_label": "restaurants"}}, {"pk": 4, "model": "contenttypes.contenttype", "fields": {"model": "message", "name": "message", "app_label": "auth"}}, {"pk": 16, "model": "contenttypes.contenttype", "fields": {"model": "order", "name": "order", "app_label": "restaurants"}}, {"pk": 17, "model": "contenttypes.contenttype", "fields": {"model": "orderline", "name": "order line", "app_label": "restaurants"}}, {"pk": 1, "model": "contenttypes.contenttype", "fields": {"model": "permission", "name": "permission", "app_label": "auth"}}, {"pk": 9, "model": "contenttypes.contenttype", "fields": {"model": "pricegroup", "name": "pricegroup", "app_label": "restaurants"}}, {"pk": 13, "model": "contenttypes.contenttype", "fields": {"model": "rating", "name": "rating", "app_label": "restaurants"}}, {"pk": 11, "model": "contenttypes.contenttype", "fields": {"model": "restaurant", "name": "restaurant", "app_label": "restaurants"}}, {"pk": 12, "model": "contenttypes.contenttype", "fields": {"model": "review", "name": "review", "app_label": "restaurants"}}, {"pk": 6, "model": "contenttypes.contenttype", "fields": {"model": "session", "name": "session", "app_label": "sessions"}}, {"pk": 7, "model": "contenttypes.contenttype", "fields": {"model": "site", "name": "site", "app_label": "sites"}}, {"pk": 10, "model": "contenttypes.contenttype", "fields": {"model": "type", "name": "type", "app_label": "restaurants"}}, {"pk": 3, "model": "contenttypes.contenttype", "fields": {"model": "user", "name": "user", "app_label": "auth"}}, {"pk": 8, "model": "contenttypes.contenttype", "fields": {"model": "user", "name": "user", "app_label": "restaurants"}}, {"pk": "e83d568026bcd4716024262b714de903", "model": "sessions.session", "fields": {"expire_date": "2010-03-06 00:05:33", "session_data": "gAJ9cQEoVRJfYXV0aF91c2VyX2JhY2tlbmRxAlUpZGphbmdvLmNvbnRyaWIuYXV0aC5iYWNrZW5k\ncy5Nb2RlbEJhY2tlbmRxA1UNX2F1dGhfdXNlcl9pZHEESwF1LmQwMmIxOTNjYTU4YzViZTRmNTM0\nMzhhYmFjNTg0MDI1\n"}}, {"pk": "1c0ea1da9ecb6e899e8e48543497a034", "model": "sessions.session", "fields": {"expire_date": "2010-03-08 10:34:56", "session_data": "gAJ9cQEoVRJfYXV0aF91c2VyX2JhY2tlbmRxAlUpZGphbmdvLmNvbnRyaWIuYXV0aC5iYWNrZW5k\ncy5Nb2RlbEJhY2tlbmRxA1UNX2F1dGhfdXNlcl9pZHEESwF1LmQwMmIxOTNjYTU4YzViZTRmNTM0\nMzhhYmFjNTg0MDI1\n"}}, {"pk": "25566577c348ac45d89a65c8200d9661", "model": "sessions.session", "fields": {"expire_date": "2010-03-17 19:50:50", "session_data": "gAJ9cQEoVRJfYXV0aF91c2VyX2JhY2tlbmRxAlUpZGphbmdvLmNvbnRyaWIuYXV0aC5iYWNrZW5k\ncy5Nb2RlbEJhY2tlbmRxA1UNX2F1dGhfdXNlcl9pZHEESwF1LmQwMmIxOTNjYTU4YzViZTRmNTM0\nMzhhYmFjNTg0MDI1\n"}}, {"pk": "0a5d290b08d96cd21210c4fa83395016", "model": "sessions.session", "fields": {"expire_date": "2010-03-18 08:11:27", "session_data": "gAJ9cQEoVRJfYXV0aF91c2VyX2JhY2tlbmRxAlUpZGphbmdvLmNvbnRyaWIuYXV0aC5iYWNrZW5k\ncy5Nb2RlbEJhY2tlbmRxA1UNX2F1dGhfdXNlcl9pZHEESwF1LmQwMmIxOTNjYTU4YzViZTRmNTM0\nMzhhYmFjNTg0MDI1\n"}}, {"pk": "cb74408343f21eb7991e94b7d15aea80", "model": "sessions.session", "fields": {"expire_date": "2010-04-07 07:00:10", "session_data": "gAJ9cQEoVRJfYXV0aF91c2VyX2JhY2tlbmRxAlUpZGphbmdvLmNvbnRyaWIuYXV0aC5iYWNrZW5k\ncy5Nb2RlbEJhY2tlbmRxA1UNX2F1dGhfdXNlcl9pZHEESwF1LmQwMmIxOTNjYTU4YzViZTRmNTM0\nMzhhYmFjNTg0MDI1\n"}}, {"pk": "b8f5d818328a09ac74a11f80a26bc19e", "model": "sessions.session", "fields": {"expire_date": "2010-04-11 14:05:48", "session_data": "gAJ9cQEoVRJfYXV0aF91c2VyX2JhY2tlbmRxAlUpZGphbmdvLmNvbnRyaWIuYXV0aC5iYWNrZW5k\ncy5Nb2RlbEJhY2tlbmRxA1UNX2F1dGhfdXNlcl9pZHEESwF1LmQwMmIxOTNjYTU4YzViZTRmNTM0\nMzhhYmFjNTg0MDI1\n"}}, {"pk": "2ef4b7488ebee38db48f569bc55489af", "model": "sessions.session", "fields": {"expire_date": "2010-04-11 20:27:15", "session_data": "gAJ9cQEoVRJfYXV0aF91c2VyX2JhY2tlbmRxAlUpZGphbmdvLmNvbnRyaWIuYXV0aC5iYWNrZW5k\ncy5Nb2RlbEJhY2tlbmRxA1UNX2F1dGhfdXNlcl9pZHEESwJ1LjA1Njc3ODQ1NGMwYzI4MjFjNjk3\nNWQ3ZmVmNGZmM2U1\n"}}, {"pk": "b57398520ec03354c9906f93b81c6748", "model": "sessions.session", "fields": {"expire_date": "2010-04-11 20:27:22", "session_data": "gAJ9cQEoVRJfYXV0aF91c2VyX2JhY2tlbmRxAlUpZGphbmdvLmNvbnRyaWIuYXV0aC5iYWNrZW5k\ncy5Nb2RlbEJhY2tlbmRxA1UNX2F1dGhfdXNlcl9pZHEESwN1LmY0ZDM3MzVlOTQwMWRkMGRlMWFm\nNWU1N2Q4OGMyNTZm\n"}}, {"pk": "9ae382c1c429a43cecf12e55c21b9096", "model": "sessions.session", "fields": {"expire_date": "2010-04-12 11:56:14", "session_data": "gAJ9cQEuN2MxOGYxZDJmN2U5YzQ4MWI5NzNlNWNmZmJkOGNjMDg=\n"}}, {"pk": "08e5427335f02b57ab7bdc056fa99a97", "model": "sessions.session", "fields": {"expire_date": "2010-04-25 20:27:43", "session_data": "gAJ9cQEoVRJfYXV0aF91c2VyX2JhY2tlbmRxAlUpZGphbmdvLmNvbnRyaWIuYXV0aC5iYWNrZW5k\ncy5Nb2RlbEJhY2tlbmRxA1UNX2F1dGhfdXNlcl9pZHEESwF1LmQwMmIxOTNjYTU4YzViZTRmNTM0\nMzhhYmFjNTg0MDI1\n"}}, {"pk": "d7167dfa77699768e0ef7996f920359c", "model": "sessions.session", "fields": {"expire_date": "2010-04-25 22:03:23", "session_data": "gAJ9cQEoVRJfYXV0aF91c2VyX2JhY2tlbmRxAlUpZGphbmdvLmNvbnRyaWIuYXV0aC5iYWNrZW5k\ncy5Nb2RlbEJhY2tlbmRxA1UNX2F1dGhfdXNlcl9pZHEESwJ1LjA1Njc3ODQ1NGMwYzI4MjFjNjk3\nNWQ3ZmVmNGZmM2U1\n"}}, {"pk": "843360d56837b65d46932b08b2b5c227", "model": "sessions.session", "fields": {"expire_date": "2010-04-26 11:20:13", "session_data": "gAJ9cQEoVRJfYXV0aF91c2VyX2JhY2tlbmRxAlUpZGphbmdvLmNvbnRyaWIuYXV0aC5iYWNrZW5k\ncy5Nb2RlbEJhY2tlbmRxA1UNX2F1dGhfdXNlcl9pZHEESwF1LmQwMmIxOTNjYTU4YzViZTRmNTM0\nMzhhYmFjNTg0MDI1\n"}}, {"pk": 1, "model": "sites.site", "fields": {"domain": "example.com", "name": "example.com"}}, {"pk": 1, "model": "restaurants.user", "fields": {"lastName": "Jons", "apikey": "a73021a4f86ddaf8d052160dfe7af012", "password": "1234", "email": "siggijons27@gmail.com", "firstName": "Siggi"}}, {"pk": 2, "model": "restaurants.user", "fields": {"lastName": "Jons", "apikey": "a46786527f038ed67c1b3d32d8abd6d2", "password": "1234", "email": "sij16@hi.is", "firstName": "Siggi"}}, {"pk": 3, "model": "restaurants.user", "fields": {"lastName": "Jons", "apikey": "0c75246ee96658fc0aa1788ede9ad640", "password": "testari", "email": "test4@hi.is", "firstName": "Siggi"}}, {"pk": 4, "model": "restaurants.user", "fields": {"lastName": "Testsson", "apikey": "9432c0609011380e55ab73a33779b93b", "password": "test", "email": "test@test.is", "firstName": "Testari"}}, {"pk": 5, "model": "restaurants.user", "fields": {"lastName": "gunn", "apikey": "854dbef60ce8d064894b80554baffe57", "password": "k", "email": "h@gmail.com", "firstName": "halli"}}, {"pk": 6, "model": "restaurants.user", "fields": {"lastName": "Bragason", "apikey": "8bdab1ca95c3e6ad2b75415f522fce3e", "password": "1234", "email": "arnaringib@gmail.com", "firstName": "Arnar Ingi"}}, {"pk": 7, "model": "restaurants.user", "fields": {"lastName": "b", "apikey": "4822c7306ed89e47b492a03f8e5bf990", "password": "bla", "email": "bob\t@gmail.com", "firstName": "b\t"}}, {"pk": 8, "model": "restaurants.user", "fields": {"lastName": "bergsd", "apikey": "d8605e732c346a90c2060dd718dc7179", "password": "a", "email": "beggaboo85@gmail.com", "firstName": "Berglind"}}, {"pk": 9, "model": "restaurants.user", "fields": {"lastName": "", "apikey": "825325f51a0a0496ff6383b731b6f85b", "password": "", "email": "", "firstName": ""}}, {"pk": 10, "model": "restaurants.user", "fields": {"lastName": "i", "apikey": "f9125f6a73d63f8f3e556cf3e3290bf2", "password": "i", "email": "i@gmail.com", "firstName": "i"}}, {"pk": 11, "model": "restaurants.user", "fields": {"lastName": "p", "apikey": "4d8c6205c8e504452dcf848946114f7e", "password": "p", "email": "p@gmail.com", "firstName": "p"}}, {"pk": 12, "model": "restaurants.user", "fields": {"lastName": "testari", "apikey": "cd0544f01134977e090f8fd0b3c643ee", "password": "1234", "email": "testarinn@gmail.com", "firstName": "testari"}}, {"pk": 13, "model": "restaurants.user", "fields": {"lastName": "gunn", "apikey": "7ef1040487014f06c403888ef992b302", "password": "halli", "email": "halli@gmail.com", "firstName": "halli"}}, {"pk": 1, "model": "restaurants.pricegroup", "fields": {"name": "Pricegroup 1"}}, {"pk": 2, "model": "restaurants.pricegroup", "fields": {"name": "Pricegroup 2"}}, {"pk": 3, "model": "restaurants.pricegroup", "fields": {"name": "Pricegroup 3"}}, {"pk": 1, "model": "restaurants.type", "fields": {"name": "Bakery"}}, {"pk": 2, "model": "restaurants.type", "fields": {"name": "Barbecue"}}, {"pk": 3, "model": "restaurants.type", "fields": {"name": "Bistro"}}, {"pk": 4, "model": "restaurants.type", "fields": {"name": "Buffet"}}, {"pk": 5, "model": "restaurants.type", "fields": {"name": "Caf\u00e9"}}, {"pk": 6, "model": "restaurants.type", "fields": {"name": "Casual"}}, {"pk": 7, "model": "restaurants.type", "fields": {"name": "Chicken"}}, {"pk": 8, "model": "restaurants.type", "fields": {"name": "Chinese"}}, {"pk": 9, "model": "restaurants.type", "fields": {"name": "Coffeehouse"}}, {"pk": 10, "model": "restaurants.type", "fields": {"name": "Diner"}}, {"pk": 11, "model": "restaurants.type", "fields": {"name": "Drive-in"}}, {"pk": 12, "model": "restaurants.type", "fields": {"name": "Fast food"}}, {"pk": 13, "model": "restaurants.type", "fields": {"name": "Fish"}}, {"pk": 14, "model": "restaurants.type", "fields": {"name": "Grilled"}}, {"pk": 15, "model": "restaurants.type", "fields": {"name": "Hamburger"}}, {"pk": 16, "model": "restaurants.type", "fields": {"name": "Health food"}}, {"pk": 17, "model": "restaurants.type", "fields": {"name": "Hot Dog"}}, {"pk": 18, "model": "restaurants.type", "fields": {"name": "Ice cream"}}, {"pk": 19, "model": "restaurants.type", "fields": {"name": "Indian"}}, {"pk": 20, "model": "restaurants.type", "fields": {"name": "Italian"}}, {"pk": 21, "model": "restaurants.type", "fields": {"name": "Japanese"}}, {"pk": 22, "model": "restaurants.type", "fields": {"name": "Juice Bar"}}, {"pk": 23, "model": "restaurants.type", "fields": {"name": "Mexican"}}, {"pk": 24, "model": "restaurants.type", "fields": {"name": "Pizza"}}, {"pk": 25, "model": "restaurants.type", "fields": {"name": "Pub"}}, {"pk": 26, "model": "restaurants.type", "fields": {"name": "Sandwich"}}, {"pk": 27, "model": "restaurants.type", "fields": {"name": "Seafood"}}, {"pk": 28, "model": "restaurants.type", "fields": {"name": "Steak"}}, {"pk": 29, "model": "restaurants.type", "fields": {"name": "Steakhouse"}}, {"pk": 34, "model": "restaurants.type", "fields": {"name": "Sushi"}}, {"pk": 30, "model": "restaurants.type", "fields": {"name": "Take-out"}}, {"pk": 31, "model": "restaurants.type", "fields": {"name": "Taverns"}}, {"pk": 32, "model": "restaurants.type", "fields": {"name": "Thai"}}, {"pk": 33, "model": "restaurants.type", "fields": {"name": "Vegetarian"}}, {"pk": 1, "model": "restaurants.restaurant", "fields": {"website": "www.argentina.is", "city": "Reykjav\u00edk", "name": "Argent\u00edna", "zip": 101, "created": "2010-02-10 15:53:14", "pricegroup": 1, "phone": "551 9555", "address": "Bar\u00f3nst\u00edg 11a", "lat": 64144066, "lng": -21918433, "email": "salur@argentina.is", "types": [28, 29], "description": ""}}, {"pk": 2, "model": "restaurants.restaurant", "fields": {"website": "www.austurindia.is", "city": "Reykjav\u00edk", "name": "Austur Ind\u00edaf\u00e9lagi\u00f0", "zip": 101, "created": "2010-02-10 15:54:09", "pricegroup": 1, "phone": "552 1630", "address": "Hverfisg\u00f6tu 56", "lat": 64145650, "lng": -21925600, "email": "austurindia@austurindia.is", "types": [19], "description": ""}}, {"pk": 3, "model": "restaurants.restaurant", "fields": {"website": "www.cafeparis.is", "city": "Reykjav\u00edk", "name": "Cafe Par\u00eds", "zip": 101, "created": "2010-02-10 15:54:53", "pricegroup": 1, "phone": "551 1020", "address": "Austurstr\u00e6ti 14", "lat": 64147516, "lng": -21938916, "email": "cafeparis@cafeparis.is", "types": [5], "description": ""}}, {"pk": 4, "model": "restaurants.restaurant", "fields": {"website": "www.caruso.is", "city": "Reykjav\u00edk", "name": "Caruso", "zip": 101, "created": "2010-02-10 15:56:12", "pricegroup": 2, "phone": "562 7335", "address": "\u00deingholtsstr\u00e6ti 1", "lat": 64146666, "lng": -21934300, "email": "caruso@caruso.is", "types": [20], "description": ""}}, {"pk": 20, "model": "restaurants.restaurant", "fields": {"website": "http://www.dominos.is", "city": "Reykjav\u00edk", "name": "Dominos Pizza", "zip": 108, "created": "2010-04-02 13:53:50", "pricegroup": 1, "phone": "581-2345", "address": "Skeifan 17", "lat": 64130088, "lng": -21870947, "email": "", "types": [12, 24, 30], "description": ""}}, {"pk": 21, "model": "restaurants.restaurant", "fields": {"website": "http://www.dominos.is", "city": "Reykjav\u00edk", "name": "Dominos Pizza", "zip": 110, "created": "2010-04-02 14:34:54", "pricegroup": 1, "phone": "581-2345", "address": "H\u00f6f\u00f0abakki 1", "lat": 64128229, "lng": -21811069, "email": "", "types": [12, 24, 30], "description": "Domino\u2019s Pizza \u00e1 \u00cdslandi hefur a\u00f0 markmi\u00f0i a\u00f0 vera lei\u00f0andi fyrirt\u00e6ki \u00e1 skyndibitamarka\u00f0num. Helstu markmi\u00f0 okkar eru \u00edmynd, \u00fej\u00f3nusta og g\u00e6\u00f0i sem stu\u00f0la a\u00f0 \u00fev\u00ed a\u00f0 vi\u00f0skiptavinir okkar s\u00e9u \u00e1n\u00e6g\u00f0ir."}}, {"pk": 22, "model": "restaurants.restaurant", "fields": {"website": "http://www.dominos.is", "city": "Gar\u00f0ab\u00e6r", "name": "Dominos Pizza", "zip": 210, "created": "2010-04-11 01:43:14", "pricegroup": 1, "phone": "581-2345", "address": "Gar\u00f0atorg 7", "lat": 64088660, "lng": -21918261, "email": "", "types": [12, 20, 24], "description": ""}}, {"pk": 23, "model": "restaurants.restaurant", "fields": {"website": "http://www.dominos.is", "city": "Reykjav\u00edk", "name": "Dominos Pizza", "zip": 107, "created": "2010-04-11 01:47:47", "pricegroup": 1, "phone": "581-2345", "address": "Hjar\u00f0arhagi 51", "lat": 64141442, "lng": -21962131, "email": "", "types": [12, 20, 24], "description": ""}}, {"pk": 24, "model": "restaurants.restaurant", "fields": {"website": "http://www.dominos.is", "city": "Hafnarfj\u00f6r\u00f0ur", "name": "Dominos Pizza", "zip": 220, "created": "2010-04-11 01:50:36", "pricegroup": 1, "phone": "581-2345", "address": "Fjar\u00f0argata 11", "lat": 64068536, "lng": -21957325, "email": "", "types": [12, 20, 24], "description": ""}}, {"pk": 25, "model": "restaurants.restaurant", "fields": {"website": "http://www.dominos.is", "city": "Reykjav\u00edk", "name": "Dominos Pizza", "zip": 112, "created": "2010-04-11 01:59:29", "pricegroup": 1, "phone": "581-2345", "address": "Sp\u00f6ngin 17", "lat": 64150875, "lng": -21788507, "email": "", "types": [12, 20, 24], "description": ""}}, {"pk": 26, "model": "restaurants.restaurant", "fields": {"website": "http://www.dominos.is", "city": "Akureyri", "name": "Dominos Pizza", "zip": 603, "created": "2010-04-11 02:02:35", "pricegroup": 1, "phone": "581-2345", "address": "Undirhl\u00ed\u00f0 2", "lat": 65691477, "lng": -18107507, "email": "", "types": [12, 20, 24], "description": ""}}, {"pk": 27, "model": "restaurants.restaurant", "fields": {"website": "http://www.dominos.is", "city": "K\u00f3pavogi", "name": "Dominos Pizza", "zip": 200, "created": "2010-04-11 02:05:48", "pricegroup": 1, "phone": "581-2345", "address": "N\u00fdb\u00fdlavegur 14", "lat": 64114115, "lng": -21893091, "email": "", "types": [12, 20, 24], "description": ""}}, {"pk": 28, "model": "restaurants.restaurant", "fields": {"website": "http://www.dominos.is", "city": "Reykjav\u00edk", "name": "Dominos Pizza", "zip": 103, "created": "2010-04-11 02:08:12", "pricegroup": 1, "phone": "581-2345", "address": "Kringlan", "lat": 64129550, "lng": -21895462, "email": "", "types": [12, 20, 24], "description": ""}}, {"pk": 29, "model": "restaurants.restaurant", "fields": {"website": "http://www.dominos.is", "city": "Reykjav\u00edk", "name": "Dominos Pizza", "zip": 111, "created": "2010-04-11 02:10:19", "pricegroup": 1, "phone": "581-2345", "address": "L\u00f3uh\u00f3lar 2", "lat": 64108949, "lng": -21817389, "email": "", "types": [12, 20, 24], "description": ""}}, {"pk": 30, "model": "restaurants.restaurant", "fields": {"website": "http://www.dominos.is", "city": "Reykjav\u00edk", "name": "Dominos Pizza", "zip": 101, "created": "2010-04-11 02:13:05", "pricegroup": 1, "phone": "581-2345", "address": "Sk\u00falagata 26", "lat": 64145668, "lng": -21919978, "email": "", "types": [12, 20, 24], "description": ""}}, {"pk": 31, "model": "restaurants.restaurant", "fields": {"website": "http://www.dominos.is", "city": "Reykjanesb\u00e6", "name": "Dominos Pizza", "zip": 230, "created": "2010-04-11 02:16:08", "pricegroup": 1, "phone": "581-2345", "address": "Hafnargata 86", "lat": 63996980, "lng": -22550136, "email": "", "types": [12, 20, 24], "description": ""}}, {"pk": 32, "model": "restaurants.restaurant", "fields": {"website": "http://www.dominos.is", "city": "K\u00f3pavogi", "name": "Dominos Pizza", "zip": 201, "created": "2010-04-11 02:19:22", "pricegroup": 1, "phone": "581-2345", "address": "Rj\u00fapnasalir 11", "lat": 64090559, "lng": -21842526, "email": "", "types": [12, 20, 24], "description": ""}}, {"pk": 33, "model": "restaurants.restaurant", "fields": {"website": "http://www.dominos.is", "city": "Akranesi", "name": "Dominos Pizza", "zip": 300, "created": "2010-04-11 02:22:17", "pricegroup": 1, "phone": "581-2345", "address": "Smi\u00f0juv\u00f6llum 32", "lat": 64327319, "lng": -22054925, "email": "", "types": [12, 20, 24], "description": ""}}, {"pk": 5, "model": "restaurants.restaurant", "fields": {"website": "www.einarben.is", "city": "Reykjav\u00edk", "name": "Einar Ben", "zip": 101, "created": "2010-02-10 15:57:00", "pricegroup": 3, "phone": "511 5090", "address": "Veltusund 1", "lat": 64147816, "lng": -21940800, "email": "einarben@einarben.is", "types": [13, 28], "description": ""}}, {"pk": 6, "model": "restaurants.restaurant", "fields": {"website": "www.fiskmarkadurinn.is", "city": "Reykjav\u00edk", "name": "Fiskmarka\u00f0urinn", "zip": 101, "created": "2010-02-10 15:57:33", "pricegroup": 1, "phone": "578 8877", "address": "A\u00f0alstr\u00e6ti 12", "lat": 64147733, "lng": -21942216, "email": "info@fiskmarkadurinn.is", "types": [13], "description": ""}}, {"pk": 7, "model": "restaurants.restaurant", "fields": {"website": "www.reykjavikhotels.is", "city": "Reykjav\u00edk", "name": "Fjalak\u00f6tturinn", "zip": 101, "created": "2010-02-10 16:03:24", "pricegroup": 2, "phone": "514 6000", "address": "A\u00f0alstr\u00e6ti", "lat": 64147516, "lng": -21942383, "email": "", "types": [14], "description": ""}}, {"pk": 8, "model": "restaurants.restaurant", "fields": {"website": "www.fridrikv.is", "city": "Akureyri", "name": "Fri\u00f0rik V. Brasserie", "zip": 600, "created": "2010-02-10 16:04:01", "pricegroup": 3, "phone": "461 5775", "address": "Kaupvangsstr\u00e6ti 6", "lat": 65679350, "lng": -18094383, "email": "fridrikv@fridrikv.is", "types": [21], "description": ""}}, {"pk": 9, "model": "restaurants.restaurant", "fields": {"website": "www.holt.is", "city": "Reykjav\u00edk", "name": "Gallery Restaurant, H\u00f3tel Holti", "zip": 101, "created": "2010-02-10 16:04:33", "pricegroup": 3, "phone": "552 5700", "address": "Bergsta\u00f0astr\u00e6ti 37", "lat": 64142866, "lng": -21934916, "email": "gallery@holt.is", "types": [27, 28], "description": ""}}, {"pk": 10, "model": "restaurants.restaurant", "fields": {"website": "www.grillid.is", "city": "Reykjav\u00edk", "name": "Grilli\u00f0", "zip": 107, "created": "2010-02-10 16:05:07", "pricegroup": 3, "phone": "525 9960", "address": "v/Hagatorg", "lat": 64140233, "lng": -21954283, "email": "grillid@grillid.is", "types": [13, 14, 28], "description": ""}}, {"pk": 15, "model": "restaurants.restaurant", "fields": {"website": "", "city": "Reykjav\u00edk", "name": "Hamborgarab\u00falla T\u00f3masar", "zip": 101, "created": "2010-02-10 16:09:42", "pricegroup": 2, "phone": "511 1888", "address": "Geirsg\u00f6tu 1", "lat": 64125300, "lng": -21816700, "email": "hbta@simnet.is", "types": [15], "description": ""}}, {"pk": 16, "model": "restaurants.restaurant", "fields": {"website": "www.hereford.is", "city": "Reykjav\u00edk", "name": "Hereford steikh\u00fas", "zip": 101, "created": "2010-02-10 16:10:19", "pricegroup": 3, "phone": "511 3350", "address": " Laugavegi 53B", "lat": 64144700, "lng": -21923400, "email": "hereford@hereford.is", "types": [28, 29], "description": ""}}, {"pk": 14, "model": "restaurants.restaurant", "fields": {"website": "www.hresso.is", "city": "Reykjav\u00edk", "name": "Hressingarsk\u00e1linn", "zip": 101, "created": "2010-02-10 16:09:09", "pricegroup": 2, "phone": "561 2240", "address": " Austurstr\u00e6ti 20", "lat": 21147366, "lng": -21937650, "email": "hresso@hresso.is", "types": [6], "description": ""}}, {"pk": 17, "model": "restaurants.restaurant", "fields": {"website": "http://hroihottur.is", "city": "Reykjav\u00edk", "name": "Hr\u00f3i H\u00f6ttur", "zip": 107, "created": "2010-02-10 16:10:53", "pricegroup": 1, "phone": "5629292", "address": "Hringbraut 119", "lat": 64150333, "lng": -21960316, "email": "hroihottur@centrum.is", "types": [24], "description": ""}}, {"pk": 13, "model": "restaurants.restaurant", "fields": {"website": "www.humarskipid.is", "city": "Reykjav\u00edk", "name": "Humarskipi\u00f0", "zip": 101, "created": "2010-02-10 16:08:35", "pricegroup": 2, "phone": "562 2300", "address": "Su\u00f0urbugt", "lat": 64150883, "lng": -21942116, "email": "info@humarskipid.is", "types": [13, 27], "description": ""}}, {"pk": 11, "model": "restaurants.restaurant", "fields": {"website": "www.allseasonhotels.is", "city": "Hella", "name": "H\u00f3tel Rang\u00e1", "zip": 851, "created": "2010-02-10 16:05:43", "pricegroup": 3, "phone": "487 5700", "address": "V/Su\u00f0urlandsveg", "lat": 63830550, "lng": -20422300, "email": "hotelranga@hotelranga.is", "types": [10], "description": ""}}, {"pk": 12, "model": "restaurants.restaurant", "fields": {"website": "www.hotel-ork.is", "city": "Hverager\u00f0i", "name": "H\u00f3tel \u00d6rk", "zip": 810, "created": "2010-02-10 16:06:42", "pricegroup": 2, "phone": "354 483", "address": "Brei\u00f0um\u00f6rk 1c", "lat": 63997333, "lng": -21192333, "email": "info@hotel-ork.is", "types": [10], "description": ""}}, {"pk": 34, "model": "restaurants.restaurant", "fields": {"website": "http://www.nonnabiti.is/", "city": "Reykjav\u00edk", "name": "Nonnabiti", "zip": 101, "created": "2010-04-11 02:25:41", "pricegroup": 1, "phone": "551-2312", "address": "Hafnarstr\u00e6ti 9", "lat": 64148189, "lng": -21939268, "email": "", "types": [12, 15, 26], "description": ""}}, {"pk": 35, "model": "restaurants.restaurant", "fields": {"website": "http://www.nonnabiti.is/", "city": "K\u00f3pavogi", "name": "Nonnabiti", "zip": 201, "created": "2010-04-11 02:31:50", "pricegroup": 1, "phone": "551-1100", "address": "B\u00e6jarlind 14-16", "lat": 64099310, "lng": -21877985, "email": "nonnabiti@nonnabiti.is", "types": [12, 15, 26], "description": ""}}, {"pk": 18, "model": "restaurants.restaurant", "fields": {"website": "http://www.osushi.is", "city": "Reykjav\u00edk", "name": "Osushi The Train", "zip": 101, "created": "2010-02-10 16:11:25", "pricegroup": 2, "phone": "561 0562", "address": "L\u00e6kjarg\u00f6tu 2a", "lat": 64147100, "lng": -21937133, "email": "osushi@osushi.is", "types": [34], "description": ""}}, {"pk": 19, "model": "restaurants.restaurant", "fields": {"website": "", "city": "Reykjavik", "name": "Testari", "zip": 101, "created": "2010-02-10 18:58:03", "pricegroup": 1, "phone": "8483756", "address": "Eggertsg\u00f6tu 8", "lat": 10, "lng": 12, "email": "", "types": [], "description": "Test"}}, {"pk": 1, "model": "restaurants.review", "fields": {"user": 1, "restaurant": 19, "description": "This is a test review", "created": "2010-02-22 18:34:17"}}, {"pk": 2, "model": "restaurants.review", "fields": {"user": 1, "restaurant": 19, "description": "This is a test review", "created": "2010-03-01 12:54:07"}}, {"pk": 3, "model": "restaurants.review", "fields": {"user": 1, "restaurant": 19, "description": "This is a test review", "created": "2010-03-01 15:23:22"}}, {"pk": 4, "model": "restaurants.review", "fields": {"user": 2, "restaurant": 1, "description": "What now?", "created": "2010-03-01 16:53:20"}}, {"pk": 5, "model": "restaurants.review", "fields": {"user": 2, "restaurant": 1, "description": "Thats was up!", "created": "2010-03-01 16:55:32"}}, {"pk": 6, "model": "restaurants.review", "fields": {"user": 2, "restaurant": 1, "description": "Yeah!\n", "created": "2010-03-01 16:55:48"}}, {"pk": 7, "model": "restaurants.review", "fields": {"user": 1, "restaurant": 19, "description": "This is a test review", "created": "2010-03-01 17:03:19"}}, {"pk": 8, "model": "restaurants.review", "fields": {"user": 1, "restaurant": 19, "description": "This is a test review", "created": "2010-03-03 18:12:23"}}, {"pk": 9, "model": "restaurants.review", "fields": {"user": 1, "restaurant": 19, "description": "This is a test review", "created": "2010-03-03 18:20:40"}}, {"pk": 10, "model": "restaurants.review", "fields": {"user": 1, "restaurant": 19, "description": "This is a test review", "created": "2010-03-03 18:22:38"}}, {"pk": 11, "model": "restaurants.review", "fields": {"user": 1, "restaurant": 19, "description": "This is a test review", "created": "2010-03-03 18:25:05"}}, {"pk": 12, "model": "restaurants.review", "fields": {"user": 1, "restaurant": 19, "description": "This is a test review", "created": "2010-03-03 18:26:35"}}, {"pk": 13, "model": "restaurants.review", "fields": {"user": 9, "restaurant": 9, "description": "awesome", "created": "2010-03-17 22:30:10"}}, {"pk": 14, "model": "restaurants.review", "fields": {"user": 8, "restaurant": 9, "description": "testing", "created": "2010-03-17 22:35:05"}}, {"pk": 15, "model": "restaurants.review", "fields": {"user": 8, "restaurant": 16, "description": "up it goes", "created": "2010-03-28 14:45:25"}}, {"pk": 16, "model": "restaurants.review", "fields": {"user": 8, "restaurant": 17, "description": "test", "created": "2010-03-28 16:06:57"}}, {"pk": 17, "model": "restaurants.review", "fields": {"user": 1, "restaurant": 10, "description": "Does this work?", "created": "2010-03-28 18:18:11"}}, {"pk": 18, "model": "restaurants.review", "fields": {"user": 1, "restaurant": 7, "description": "Me\u00f0 von \u00ed hjarta um g\u00f3\u00f0a steik brustu vonir m\u00ednar \u00feegar inn var komi\u00f0 og \u00e9g komst \u00ed raun um a\u00f0 \u00fea\u00f0 eru, in fact, EKKI serva\u00f0ar kattarsteikur \u00e1 Fjalakettinum. N\u00e6st reyndi \u00e9g vi\u00f0 m\u00fas e\u00f0a rottu, sp\u00f6rfugl hef\u00f0i duga\u00f0, en \u00fea\u00f0 eina sem m\u00e9r var bo\u00f0i\u00f0 var humar og hreind\u00fdr. \u00deessi nafngift \u00e1 sta\u00f0num er alvarlega afvegalei\u00f0andi og hyggst \u00e9g kvarta \u00ed neytendar\u00e1\u00f0 um \u00feessa sv\u00edvir\u00f0u!", "created": "2010-03-28 12:16:20"}}, {"pk": 19, "model": "restaurants.review", "fields": {"user": 8, "restaurant": 17, "description": "Mjog godur matur!", "created": "2010-04-02 01:24:08"}}, {"pk": 20, "model": "restaurants.review", "fields": {"user": 6, "restaurant": 10, "description": "Very very good meal! Thanks\n", "created": "2010-04-02 13:28:48"}}, {"pk": 21, "model": "restaurants.review", "fields": {"user": 13, "restaurant": 10, "description": "This does work indeed! :)", "created": "2010-04-08 16:23:02"}}, {"pk": 22, "model": "restaurants.review", "fields": {"user": 13, "restaurant": 5, "description": "This restaurant has no menu.", "created": "2010-04-08 16:23:38"}}, {"pk": 1, "model": "restaurants.rating", "fields": {"rating": 4, "created": "2010-02-22 18:31:13", "user": 1, "restaurant": 1}}, {"pk": 2, "model": "restaurants.rating", "fields": {"rating": 4, "created": "2010-03-03 18:26:34", "user": 1, "restaurant": 19}}, {"pk": 3, "model": "restaurants.rating", "fields": {"rating": 5, "created": "2010-03-01 16:36:35", "user": 1, "restaurant": 4}}, {"pk": 4, "model": "restaurants.rating", "fields": {"rating": 5, "created": "2010-03-01 16:38:58", "user": 2, "restaurant": 4}}, {"pk": 5, "model": "restaurants.rating", "fields": {"rating": 5, "created": "2010-04-11 22:54:39", "user": 8, "restaurant": 9}}, {"pk": 6, "model": "restaurants.rating", "fields": {"rating": 5, "created": "2010-03-17 21:40:02", "user": 9, "restaurant": 9}}, {"pk": 7, "model": "restaurants.rating", "fields": {"rating": 4, "created": "2010-03-25 15:51:10", "user": 8, "restaurant": 10}}, {"pk": 8, "model": "restaurants.rating", "fields": {"rating": 3, "created": "2010-03-28 16:06:46", "user": 8, "restaurant": 17}}, {"pk": 9, "model": "restaurants.rating", "fields": {"rating": 3, "created": "2010-03-28 16:21:06", "user": 8, "restaurant": 15}}, {"pk": 10, "model": "restaurants.rating", "fields": {"rating": 5, "created": "2010-03-28 17:28:12", "user": 1, "restaurant": 9}}, {"pk": 11, "model": "restaurants.rating", "fields": {"rating": 2, "created": "2010-03-28 18:18:04", "user": 1, "restaurant": 10}}, {"pk": 1, "model": "restaurants.menuitem", "fields": {"price": 6300, "name": "Grilled langoustine with chili-garlic butter and salad", "restaurant": 1}}, {"pk": 2, "model": "restaurants.menuitem", "fields": {"price": 3850, "name": "Selection of Icelanic fish", "restaurant": 1}}, {"pk": 3, "model": "restaurants.menuitem", "fields": {"price": 4950, "name": "Lamb tenderloins with marinated garlic cloves 9 oz", "restaurant": 1}}, {"pk": 4, "model": "restaurants.menuitem", "fields": {"price": 5200, "name": "Halibut, carrot and oranges", "restaurant": 10}}, {"pk": 5, "model": "restaurants.menuitem", "fields": {"price": 5200, "name": "Turbot, cauliflower, grapes and almonds", "restaurant": 10}}, {"pk": 6, "model": "restaurants.menuitem", "fields": {"price": 5200, "name": "Fillet of lamb, shoulder and beatroot", "restaurant": 10}}, {"pk": 7, "model": "restaurants.menuitem", "fields": {"price": 9400, "name": "Icelandic duck from Hlidarberg in Hornafjordur", "restaurant": 9}}, {"pk": 8, "model": "restaurants.menuitem", "fields": {"price": 9400, "name": "Reindeer soup under puff pastry, slow cooked reindeer chest and artichoke", "restaurant": 9}}, {"pk": 9, "model": "restaurants.menuitem", "fields": {"price": 1660, "name": "Margarita", "restaurant": 20}}, {"pk": 10, "model": "restaurants.menuitem", "fields": {"price": 2220, "name": "Hawaiian", "restaurant": 20}}, {"pk": 11, "model": "restaurants.menuitem", "fields": {"price": 2220, "name": "PS2", "restaurant": 20}}, {"pk": 12, "model": "restaurants.menuitem", "fields": {"price": 2220, "name": "Domino\u00b4s Basic", "restaurant": 20}}, {"pk": 13, "model": "restaurants.menuitem", "fields": {"price": 2790, "name": "New York", "restaurant": 20}}, {"pk": 14, "model": "restaurants.menuitem", "fields": {"price": 2790, "name": "Domino's Deluxe", "restaurant": 20}}, {"pk": 15, "model": "restaurants.menuitem", "fields": {"price": 2930, "name": "Domino's Surprise", "restaurant": 20}}, {"pk": 16, "model": "restaurants.menuitem", "fields": {"price": 2930, "name": "Bahamas", "restaurant": 20}}, {"pk": 17, "model": "restaurants.menuitem", "fields": {"price": 2930, "name": "Creme Mexicano", "restaurant": 20}}, {"pk": 18, "model": "restaurants.menuitem", "fields": {"price": 1660, "name": "Margarita", "restaurant": 21}}, {"pk": 19, "model": "restaurants.menuitem", "fields": {"price": 2220, "name": "Hawaiian", "restaurant": 21}}, {"pk": 20, "model": "restaurants.menuitem", "fields": {"price": 2220, "name": "PS2", "restaurant": 21}}, {"pk": 21, "model": "restaurants.menuitem", "fields": {"price": 2220, "name": "Domino\u00b4s Basic", "restaurant": 21}}, {"pk": 22, "model": "restaurants.menuitem", "fields": {"price": 2790, "name": "New York", "restaurant": 21}}, {"pk": 23, "model": "restaurants.menuitem", "fields": {"price": 2790, "name": "Domino's Deluxe", "restaurant": 21}}, {"pk": 24, "model": "restaurants.menuitem", "fields": {"price": 2930, "name": "Domino's Surprise", "restaurant": 21}}, {"pk": 25, "model": "restaurants.menuitem", "fields": {"price": 2930, "name": "Bahamas", "restaurant": 21}}, {"pk": 26, "model": "restaurants.menuitem", "fields": {"price": 2930, "name": "Creme Mexicano", "restaurant": 21}}, {"pk": 27, "model": "restaurants.menuitem", "fields": {"price": 1660, "name": "Margarita", "restaurant": 22}}, {"pk": 28, "model": "restaurants.menuitem", "fields": {"price": 2220, "name": "Hawaiian", "restaurant": 22}}, {"pk": 29, "model": "restaurants.menuitem", "fields": {"price": 2220, "name": "PS2", "restaurant": 22}}, {"pk": 30, "model": "restaurants.menuitem", "fields": {"price": 2220, "name": "Domino\u00b4s Basic", "restaurant": 22}}, {"pk": 31, "model": "restaurants.menuitem", "fields": {"price": 2790, "name": "New York", "restaurant": 22}}, {"pk": 32, "model": "restaurants.menuitem", "fields": {"price": 2790, "name": "Domino's Deluxe", "restaurant": 22}}, {"pk": 33, "model": "restaurants.menuitem", "fields": {"price": 2930, "name": "Domino's Surprise", "restaurant": 22}}, {"pk": 34, "model": "restaurants.menuitem", "fields": {"price": 2930, "name": "Bahamas", "restaurant": 22}}, {"pk": 35, "model": "restaurants.menuitem", "fields": {"price": 2930, "name": "Creme Mexicano", "restaurant": 22}}, {"pk": 36, "model": "restaurants.menuitem", "fields": {"price": 1660, "name": "Margarita", "restaurant": 23}}, {"pk": 37, "model": "restaurants.menuitem", "fields": {"price": 2220, "name": "Hawaiian", "restaurant": 23}}, {"pk": 38, "model": "restaurants.menuitem", "fields": {"price": 2220, "name": "PS2", "restaurant": 23}}, {"pk": 39, "model": "restaurants.menuitem", "fields": {"price": 2220, "name": "Domino\u00b4s Basic", "restaurant": 23}}, {"pk": 40, "model": "restaurants.menuitem", "fields": {"price": 2790, "name": "New York", "restaurant": 23}}, {"pk": 41, "model": "restaurants.menuitem", "fields": {"price": 2790, "name": "Domino's Deluxe", "restaurant": 23}}, {"pk": 42, "model": "restaurants.menuitem", "fields": {"price": 2930, "name": "Domino's Surprise", "restaurant": 23}}, {"pk": 43, "model": "restaurants.menuitem", "fields": {"price": 2930, "name": "Bahamas", "restaurant": 23}}, {"pk": 44, "model": "restaurants.menuitem", "fields": {"price": 2930, "name": "Creme Mexicano", "restaurant": 23}}, {"pk": 45, "model": "restaurants.menuitem", "fields": {"price": 1660, "name": "Margarita", "restaurant": 24}}, {"pk": 46, "model": "restaurants.menuitem", "fields": {"price": 2220, "name": "Hawaiian", "restaurant": 24}}, {"pk": 47, "model": "restaurants.menuitem", "fields": {"price": 2220, "name": "PS2", "restaurant": 24}}, {"pk": 48, "model": "restaurants.menuitem", "fields": {"price": 2220, "name": "Domino\u00b4s Basic", "restaurant": 24}}, {"pk": 49, "model": "restaurants.menuitem", "fields": {"price": 2790, "name": "New York", "restaurant": 24}}, {"pk": 50, "model": "restaurants.menuitem", "fields": {"price": 2790, "name": "Domino's Deluxe", "restaurant": 24}}, {"pk": 51, "model": "restaurants.menuitem", "fields": {"price": 2930, "name": "Domino's Surprise", "restaurant": 24}}, {"pk": 52, "model": "restaurants.menuitem", "fields": {"price": 2930, "name": "Bahamas", "restaurant": 24}}, {"pk": 53, "model": "restaurants.menuitem", "fields": {"price": 2930, "name": "Creme Mexicano", "restaurant": 24}}, {"pk": 54, "model": "restaurants.menuitem", "fields": {"price": 1660, "name": "Margarita", "restaurant": 25}}, {"pk": 55, "model": "restaurants.menuitem", "fields": {"price": 2220, "name": "Hawaiian", "restaurant": 25}}, {"pk": 56, "model": "restaurants.menuitem", "fields": {"price": 2220, "name": "PS2", "restaurant": 25}}, {"pk": 57, "model": "restaurants.menuitem", "fields": {"price": 2220, "name": "Domino\u00b4s Basic", "restaurant": 25}}, {"pk": 58, "model": "restaurants.menuitem", "fields": {"price": 2790, "name": "New York", "restaurant": 25}}, {"pk": 59, "model": "restaurants.menuitem", "fields": {"price": 2790, "name": "Domino's Deluxe", "restaurant": 25}}, {"pk": 60, "model": "restaurants.menuitem", "fields": {"price": 2930, "name": "Domino's Surprise", "restaurant": 25}}, {"pk": 61, "model": "restaurants.menuitem", "fields": {"price": 2930, "name": "Bahamas", "restaurant": 25}}, {"pk": 62, "model": "restaurants.menuitem", "fields": {"price": 2930, "name": "Creme Mexicano", "restaurant": 25}}, {"pk": 63, "model": "restaurants.menuitem", "fields": {"price": 1660, "name": "Margarita", "restaurant": 26}}, {"pk": 64, "model": "restaurants.menuitem", "fields": {"price": 2220, "name": "Hawaiian", "restaurant": 26}}, {"pk": 65, "model": "restaurants.menuitem", "fields": {"price": 2220, "name": "PS2", "restaurant": 26}}, {"pk": 66, "model": "restaurants.menuitem", "fields": {"price": 2220, "name": "Domino\u00b4s Basic", "restaurant": 26}}, {"pk": 67, "model": "restaurants.menuitem", "fields": {"price": 2790, "name": "New York", "restaurant": 26}}, {"pk": 68, "model": "restaurants.menuitem", "fields": {"price": 2790, "name": "Domino's Deluxe", "restaurant": 26}}, {"pk": 69, "model": "restaurants.menuitem", "fields": {"price": 2930, "name": "Domino's Surprise", "restaurant": 26}}, {"pk": 70, "model": "restaurants.menuitem", "fields": {"price": 2930, "name": "Bahamas", "restaurant": 26}}, {"pk": 71, "model": "restaurants.menuitem", "fields": {"price": 2930, "name": "Creme Mexicano", "restaurant": 26}}, {"pk": 72, "model": "restaurants.menuitem", "fields": {"price": 1660, "name": "Margarita", "restaurant": 27}}, {"pk": 73, "model": "restaurants.menuitem", "fields": {"price": 2220, "name": "Hawaiian", "restaurant": 27}}, {"pk": 74, "model": "restaurants.menuitem", "fields": {"price": 2220, "name": "PS2", "restaurant": 27}}, {"pk": 75, "model": "restaurants.menuitem", "fields": {"price": 2220, "name": "Domino\u00b4s Basic", "restaurant": 27}}, {"pk": 76, "model": "restaurants.menuitem", "fields": {"price": 2790, "name": "New York", "restaurant": 27}}, {"pk": 77, "model": "restaurants.menuitem", "fields": {"price": 2790, "name": "Domino's Deluxe", "restaurant": 27}}, {"pk": 78, "model": "restaurants.menuitem", "fields": {"price": 2930, "name": "Domino's Surprise", "restaurant": 27}}, {"pk": 79, "model": "restaurants.menuitem", "fields": {"price": 2930, "name": "Bahamas", "restaurant": 27}}, {"pk": 80, "model": "restaurants.menuitem", "fields": {"price": 2930, "name": "Creme Mexicano", "restaurant": 27}}, {"pk": 81, "model": "restaurants.menuitem", "fields": {"price": 1660, "name": "Margarita", "restaurant": 28}}, {"pk": 82, "model": "restaurants.menuitem", "fields": {"price": 2220, "name": "Hawaiian", "restaurant": 28}}, {"pk": 83, "model": "restaurants.menuitem", "fields": {"price": 2220, "name": "PS2", "restaurant": 28}}, {"pk": 84, "model": "restaurants.menuitem", "fields": {"price": 2220, "name": "Domino\u00b4s Basic", "restaurant": 28}}, {"pk": 85, "model": "restaurants.menuitem", "fields": {"price": 2790, "name": "New York", "restaurant": 28}}, {"pk": 86, "model": "restaurants.menuitem", "fields": {"price": 2790, "name": "Domino's Deluxe", "restaurant": 28}}, {"pk": 87, "model": "restaurants.menuitem", "fields": {"price": 2930, "name": "Domino's Surprise", "restaurant": 28}}, {"pk": 88, "model": "restaurants.menuitem", "fields": {"price": 2930, "name": "Bahamas", "restaurant": 28}}, {"pk": 89, "model": "restaurants.menuitem", "fields": {"price": 2930, "name": "Creme Mexicano", "restaurant": 28}}, {"pk": 90, "model": "restaurants.menuitem", "fields": {"price": 1660, "name": "Margarita", "restaurant": 29}}, {"pk": 91, "model": "restaurants.menuitem", "fields": {"price": 2220, "name": "Hawaiian", "restaurant": 29}}, {"pk": 92, "model": "restaurants.menuitem", "fields": {"price": 2220, "name": "PS2", "restaurant": 29}}, {"pk": 93, "model": "restaurants.menuitem", "fields": {"price": 2220, "name": "Domino\u00b4s Basic", "restaurant": 29}}, {"pk": 94, "model": "restaurants.menuitem", "fields": {"price": 2790, "name": "New York", "restaurant": 29}}, {"pk": 95, "model": "restaurants.menuitem", "fields": {"price": 2790, "name": "Domino's Deluxe", "restaurant": 29}}, {"pk": 96, "model": "restaurants.menuitem", "fields": {"price": 2930, "name": "Domino's Surprise", "restaurant": 29}}, {"pk": 97, "model": "restaurants.menuitem", "fields": {"price": 2930, "name": "Bahamas", "restaurant": 29}}, {"pk": 98, "model": "restaurants.menuitem", "fields": {"price": 2930, "name": "Creme Mexicano", "restaurant": 29}}, {"pk": 99, "model": "restaurants.menuitem", "fields": {"price": 1660, "name": "Margarita", "restaurant": 30}}, {"pk": 100, "model": "restaurants.menuitem", "fields": {"price": 2220, "name": "Hawaiian", "restaurant": 30}}, {"pk": 101, "model": "restaurants.menuitem", "fields": {"price": 2220, "name": "PS2", "restaurant": 30}}, {"pk": 102, "model": "restaurants.menuitem", "fields": {"price": 2220, "name": "Domino\u00b4s Basic", "restaurant": 30}}, {"pk": 103, "model": "restaurants.menuitem", "fields": {"price": 2790, "name": "New York", "restaurant": 30}}, {"pk": 104, "model": "restaurants.menuitem", "fields": {"price": 2790, "name": "Domino's Deluxe", "restaurant": 30}}, {"pk": 105, "model": "restaurants.menuitem", "fields": {"price": 2930, "name": "Domino's Surprise", "restaurant": 30}}, {"pk": 106, "model": "restaurants.menuitem", "fields": {"price": 2930, "name": "Bahamas", "restaurant": 30}}, {"pk": 107, "model": "restaurants.menuitem", "fields": {"price": 2930, "name": "Creme Mexicano", "restaurant": 30}}, {"pk": 108, "model": "restaurants.menuitem", "fields": {"price": 1660, "name": "Margarita", "restaurant": 31}}, {"pk": 109, "model": "restaurants.menuitem", "fields": {"price": 2220, "name": "Hawaiian", "restaurant": 31}}, {"pk": 110, "model": "restaurants.menuitem", "fields": {"price": 2220, "name": "PS2", "restaurant": 31}}, {"pk": 111, "model": "restaurants.menuitem", "fields": {"price": 2220, "name": "Domino\u00b4s Basic", "restaurant": 31}}, {"pk": 112, "model": "restaurants.menuitem", "fields": {"price": 2790, "name": "New York", "restaurant": 31}}, {"pk": 113, "model": "restaurants.menuitem", "fields": {"price": 2790, "name": "Domino's Deluxe", "restaurant": 31}}, {"pk": 114, "model": "restaurants.menuitem", "fields": {"price": 2930, "name": "Domino's Surprise", "restaurant": 31}}, {"pk": 115, "model": "restaurants.menuitem", "fields": {"price": 2930, "name": "Bahamas", "restaurant": 31}}, {"pk": 116, "model": "restaurants.menuitem", "fields": {"price": 2930, "name": "Creme Mexicano", "restaurant": 31}}, {"pk": 117, "model": "restaurants.menuitem", "fields": {"price": 1660, "name": "Margarita", "restaurant": 32}}, {"pk": 118, "model": "restaurants.menuitem", "fields": {"price": 2220, "name": "Hawaiian", "restaurant": 32}}, {"pk": 119, "model": "restaurants.menuitem", "fields": {"price": 2220, "name": "PS2", "restaurant": 32}}, {"pk": 120, "model": "restaurants.menuitem", "fields": {"price": 2220, "name": "Domino\u00b4s Basic", "restaurant": 32}}, {"pk": 121, "model": "restaurants.menuitem", "fields": {"price": 2790, "name": "New York", "restaurant": 32}}, {"pk": 122, "model": "restaurants.menuitem", "fields": {"price": 2790, "name": "Domino's Deluxe", "restaurant": 32}}, {"pk": 123, "model": "restaurants.menuitem", "fields": {"price": 2930, "name": "Domino's Surprise", "restaurant": 32}}, {"pk": 124, "model": "restaurants.menuitem", "fields": {"price": 2930, "name": "Bahamas", "restaurant": 32}}, {"pk": 125, "model": "restaurants.menuitem", "fields": {"price": 2930, "name": "Creme Mexicano", "restaurant": 32}}, {"pk": 126, "model": "restaurants.menuitem", "fields": {"price": 1660, "name": "Margarita", "restaurant": 33}}, {"pk": 127, "model": "restaurants.menuitem", "fields": {"price": 2220, "name": "Hawaiian", "restaurant": 33}}, {"pk": 128, "model": "restaurants.menuitem", "fields": {"price": 2220, "name": "PS2", "restaurant": 33}}, {"pk": 129, "model": "restaurants.menuitem", "fields": {"price": 2220, "name": "Domino\u00b4s Basic", "restaurant": 33}}, {"pk": 130, "model": "restaurants.menuitem", "fields": {"price": 2790, "name": "New York", "restaurant": 33}}, {"pk": 131, "model": "restaurants.menuitem", "fields": {"price": 2790, "name": "Domino's Deluxe", "restaurant": 33}}, {"pk": 132, "model": "restaurants.menuitem", "fields": {"price": 2930, "name": "Domino's Surprise", "restaurant": 33}}, {"pk": 133, "model": "restaurants.menuitem", "fields": {"price": 2930, "name": "Bahamas", "restaurant": 33}}, {"pk": 134, "model": "restaurants.menuitem", "fields": {"price": 2930, "name": "Creme Mexicano", "restaurant": 33}}, {"pk": 135, "model": "restaurants.menuitem", "fields": {"price": 1090, "name": "Beikonb\u00e1tur", "restaurant": 34}}, {"pk": 136, "model": "restaurants.menuitem", "fields": {"price": 1090, "name": "Chilib\u00e1tur", "restaurant": 34}}, {"pk": 137, "model": "restaurants.menuitem", "fields": {"price": 1090, "name": "Fiskib\u00e1tur", "restaurant": 34}}, {"pk": 138, "model": "restaurants.menuitem", "fields": {"price": 1190, "name": "Gauab\u00e1tur", "restaurant": 34}}, {"pk": 139, "model": "restaurants.menuitem", "fields": {"price": 990, "name": "Gr\u00e6nmetisb\u00e1tur", "restaurant": 34}}, {"pk": 140, "model": "restaurants.menuitem", "fields": {"price": 1190, "name": "Kalk\u00fanab\u00e1tur", "restaurant": 34}}, {"pk": 141, "model": "restaurants.menuitem", "fields": {"price": 1090, "name": "Karr\u00fdb\u00e1tur", "restaurant": 34}}, {"pk": 142, "model": "restaurants.menuitem", "fields": {"price": 1090, "name": "Kj\u00faklingab\u00e1tur", "restaurant": 34}}, {"pk": 143, "model": "restaurants.menuitem", "fields": {"price": 1450, "name": "Kj\u00faklingalundir", "restaurant": 34}}, {"pk": 144, "model": "restaurants.menuitem", "fields": {"price": 1450, "name": "Kj\u00f6tb\u00e1tur", "restaurant": 34}}, {"pk": 145, "model": "restaurants.menuitem", "fields": {"price": 1090, "name": "Lambab\u00e1tur", "restaurant": 34}}, {"pk": 146, "model": "restaurants.menuitem", "fields": {"price": 1190, "name": "L\u00faxusb\u00e1tur", "restaurant": 34}}, {"pk": 147, "model": "restaurants.menuitem", "fields": {"price": 1090, "name": "Nautab\u00e1tur", "restaurant": 34}}, {"pk": 148, "model": "restaurants.menuitem", "fields": {"price": 1190, "name": "Nauta og ostab\u00e1tur", "restaurant": 34}}, {"pk": 149, "model": "restaurants.menuitem", "fields": {"price": 1090, "name": "Pepperonib\u00e1tur", "restaurant": 34}}, {"pk": 150, "model": "restaurants.menuitem", "fields": {"price": 1190, "name": "R\u00e6kjub\u00e1tur", "restaurant": 34}}, {"pk": 151, "model": "restaurants.menuitem", "fields": {"price": 1090, "name": "Salamib\u00e1tur", "restaurant": 34}}, {"pk": 152, "model": "restaurants.menuitem", "fields": {"price": 990, "name": "Skinkub\u00e1tur", "restaurant": 34}}, {"pk": 153, "model": "restaurants.menuitem", "fields": {"price": 1190, "name": "Sv\u00ednab\u00e1tur", "restaurant": 34}}, {"pk": 154, "model": "restaurants.menuitem", "fields": {"price": 990, "name": "T\u00fanfiskb\u00e1tur", "restaurant": 34}}, {"pk": 155, "model": "restaurants.menuitem", "fields": {"price": 1090, "name": "Beikonb\u00e1tur", "restaurant": 35}}, {"pk": 156, "model": "restaurants.menuitem", "fields": {"price": 1090, "name": "Chilib\u00e1tur", "restaurant": 35}}, {"pk": 157, "model": "restaurants.menuitem", "fields": {"price": 1090, "name": "Fiskib\u00e1tur", "restaurant": 35}}, {"pk": 158, "model": "restaurants.menuitem", "fields": {"price": 1190, "name": "Gauab\u00e1tur", "restaurant": 35}}, {"pk": 159, "model": "restaurants.menuitem", "fields": {"price": 990, "name": "Gr\u00e6nmetisb\u00e1tur", "restaurant": 35}}, {"pk": 160, "model": "restaurants.menuitem", "fields": {"price": 1190, "name": "Kalk\u00fanab\u00e1tur", "restaurant": 35}}, {"pk": 161, "model": "restaurants.menuitem", "fields": {"price": 1090, "name": "Karr\u00fdb\u00e1tur", "restaurant": 35}}, {"pk": 162, "model": "restaurants.menuitem", "fields": {"price": 1090, "name": "Kj\u00faklingab\u00e1tur", "restaurant": 35}}, {"pk": 163, "model": "restaurants.menuitem", "fields": {"price": 1450, "name": "Kj\u00faklingalundir", "restaurant": 35}}, {"pk": 164, "model": "restaurants.menuitem", "fields": {"price": 1450, "name": "Kj\u00f6tb\u00e1tur", "restaurant": 35}}, {"pk": 165, "model": "restaurants.menuitem", "fields": {"price": 1090, "name": "Lambab\u00e1tur", "restaurant": 35}}, {"pk": 166, "model": "restaurants.menuitem", "fields": {"price": 1190, "name": "L\u00faxusb\u00e1tur", "restaurant": 35}}, {"pk": 167, "model": "restaurants.menuitem", "fields": {"price": 1090, "name": "Nautab\u00e1tur", "restaurant": 35}}, {"pk": 168, "model": "restaurants.menuitem", "fields": {"price": 1190, "name": "Nauta og ostab\u00e1tur", "restaurant": 35}}, {"pk": 169, "model": "restaurants.menuitem", "fields": {"price": 1090, "name": "Pepperonib\u00e1tur", "restaurant": 35}}, {"pk": 170, "model": "restaurants.menuitem", "fields": {"price": 1190, "name": "R\u00e6kjub\u00e1tur", "restaurant": 35}}, {"pk": 171, "model": "restaurants.menuitem", "fields": {"price": 1090, "name": "Salamib\u00e1tur", "restaurant": 35}}, {"pk": 172, "model": "restaurants.menuitem", "fields": {"price": 990, "name": "Skinkub\u00e1tur", "restaurant": 35}}, {"pk": 173, "model": "restaurants.menuitem", "fields": {"price": 1190, "name": "Sv\u00ednab\u00e1tur", "restaurant": 35}}, {"pk": 174, "model": "restaurants.menuitem", "fields": {"price": 990, "name": "T\u00fanfiskb\u00e1tur", "restaurant": 35}}, {"pk": 1, "model": "restaurants.order", "fields": {"created": "2010-03-03 19:48:37", "user": 1, "restaurant": 10}}, {"pk": 2, "model": "restaurants.order", "fields": {"created": "2010-03-03 23:51:56", "user": 5, "restaurant": 10}}, {"pk": 3, "model": "restaurants.order", "fields": {"created": "2010-03-04 00:12:51", "user": 5, "restaurant": 1}}, {"pk": 4, "model": "restaurants.order", "fields": {"created": "2010-03-04 00:55:39", "user": 6, "restaurant": 10}}, {"pk": 5, "model": "restaurants.order", "fields": {"created": "2010-03-04 08:22:07", "user": 6, "restaurant": 9}}, {"pk": 6, "model": "restaurants.order", "fields": {"created": "2010-03-25 15:48:43", "user": 8, "restaurant": 10}}, {"pk": 7, "model": "restaurants.order", "fields": {"created": "2010-03-25 15:52:39", "user": 8, "restaurant": 9}}, {"pk": 8, "model": "restaurants.order", "fields": {"created": "2010-03-28 18:18:25", "user": 1, "restaurant": 10}}, {"pk": 10, "model": "restaurants.order", "fields": {"created": "2010-04-02 01:33:28", "user": 8, "restaurant": 10}}, {"pk": 11, "model": "restaurants.order", "fields": {"created": "2010-04-02 13:28:09", "user": 6, "restaurant": 9}}, {"pk": 12, "model": "restaurants.order", "fields": {"created": "2010-04-03 16:22:13", "user": 6, "restaurant": 9}}, {"pk": 13, "model": "restaurants.order", "fields": {"created": "2010-04-08 16:19:17", "user": 13, "restaurant": 9}}, {"pk": 14, "model": "restaurants.order", "fields": {"created": "2010-04-08 16:19:51", "user": 13, "restaurant": 1}}, {"pk": 15, "model": "restaurants.order", "fields": {"created": "2010-04-08 16:20:54", "user": 13, "restaurant": 1}}, {"pk": 16, "model": "restaurants.order", "fields": {"created": "2010-04-10 14:51:23", "user": 6, "restaurant": 21}}, {"pk": 17, "model": "restaurants.order", "fields": {"created": "2010-04-11 22:51:59", "user": 8, "restaurant": 28}}, {"pk": 18, "model": "restaurants.order", "fields": {"created": "2010-04-11 22:54:26", "user": 8, "restaurant": 9}}, {"pk": 1, "model": "restaurants.orderline", "fields": {"count": 1, "item": 4, "price": 5200, "order": 1}}, {"pk": 2, "model": "restaurants.orderline", "fields": {"count": 2, "item": 5, "price": 5200, "order": 1}}, {"pk": 3, "model": "restaurants.orderline", "fields": {"count": 3, "item": 6, "price": 5200, "order": 1}}, {"pk": 4, "model": "restaurants.orderline", "fields": {"count": 1, "item": 4, "price": 5200, "order": 2}}, {"pk": 5, "model": "restaurants.orderline", "fields": {"count": 3, "item": 5, "price": 5200, "order": 2}}, {"pk": 6, "model": "restaurants.orderline", "fields": {"count": 6, "item": 6, "price": 5200, "order": 2}}, {"pk": 7, "model": "restaurants.orderline", "fields": {"count": 1, "item": 1, "price": 6300, "order": 3}}, {"pk": 8, "model": "restaurants.orderline", "fields": {"count": 1, "item": 3, "price": 4950, "order": 3}}, {"pk": 9, "model": "restaurants.orderline", "fields": {"count": 2, "item": 2, "price": 3850, "order": 3}}, {"pk": 10, "model": "restaurants.orderline", "fields": {"count": 2, "item": 5, "price": 5200, "order": 4}}, {"pk": 11, "model": "restaurants.orderline", "fields": {"count": 1, "item": 4, "price": 5200, "order": 4}}, {"pk": 12, "model": "restaurants.orderline", "fields": {"count": 2, "item": 8, "price": 9400, "order": 5}}, {"pk": 13, "model": "restaurants.orderline", "fields": {"count": 1, "item": 4, "price": 5200, "order": 6}}, {"pk": 14, "model": "restaurants.orderline", "fields": {"count": 2, "item": 6, "price": 5200, "order": 6}}, {"pk": 15, "model": "restaurants.orderline", "fields": {"count": 2, "item": 4, "price": 5200, "order": 8}}, {"pk": 16, "model": "restaurants.orderline", "fields": {"count": 1, "item": 4, "price": 5200, "order": 10}}, {"pk": 17, "model": "restaurants.orderline", "fields": {"count": 2, "item": 6, "price": 5200, "order": 10}}, {"pk": 18, "model": "restaurants.orderline", "fields": {"count": 2, "item": 8, "price": 9400, "order": 11}}, {"pk": 19, "model": "restaurants.orderline", "fields": {"count": 2, "item": 8, "price": 9400, "order": 12}}, {"pk": 20, "model": "restaurants.orderline", "fields": {"count": 3, "item": 7, "price": 9400, "order": 13}}, {"pk": 21, "model": "restaurants.orderline", "fields": {"count": 1, "item": 8, "price": 9400, "order": 13}}, {"pk": 22, "model": "restaurants.orderline", "fields": {"count": 1, "item": 2, "price": 3850, "order": 14}}, {"pk": 23, "model": "restaurants.orderline", "fields": {"count": 4, "item": 1, "price": 6300, "order": 14}}, {"pk": 24, "model": "restaurants.orderline", "fields": {"count": 1, "item": 2, "price": 3850, "order": 15}}, {"pk": 25, "model": "restaurants.orderline", "fields": {"count": 4, "item": 1, "price": 6300, "order": 15}}, {"pk": 26, "model": "restaurants.orderline", "fields": {"count": 1, "item": 21, "price": 2220, "order": 16}}, {"pk": 27, "model": "restaurants.orderline", "fields": {"count": 2, "item": 84, "price": 2220, "order": 17}}, {"pk": 28, "model": "restaurants.orderline", "fields": {"count": 1, "item": 8, "price": 9400, "order": 18}}, {"pk": 96, "model": "admin.logentry", "fields": {"action_flag": 2, "action_time": "2010-04-11 02:12:40", "object_repr": "Nonnabiti", "object_id": "34", "change_message": "Changed types.", "user": 2, "content_type": 11}}, {"pk": 95, "model": "admin.logentry", "fields": {"action_flag": 2, "action_time": "2010-04-11 02:12:23", "object_repr": "Nonnabiti", "object_id": "35", "change_message": "Added menu item \"Sv\u00ednab\u00e1tur\". Added menu item \"T\u00fanfiskb\u00e1tur\".", "user": 2, "content_type": 11}}, {"pk": 94, "model": "admin.logentry", "fields": {"action_flag": 2, "action_time": "2010-04-11 02:11:32", "object_repr": "Nonnabiti", "object_id": "35", "change_message": "Added menu item \"R\u00e6kjub\u00e1tur\". Added menu item \"Salamib\u00e1tur\". Added menu item \"Skinkub\u00e1tur\".", "user": 2, "content_type": 11}}, {"pk": 93, "model": "admin.logentry", "fields": {"action_flag": 2, "action_time": "2010-04-11 02:11:19", "object_repr": "Nonnabiti", "object_id": "35", "change_message": "Added menu item \"Nautab\u00e1tur\". Added menu item \"Nauta og ostab\u00e1tur\". Added menu item \"Pepperonib\u00e1tur\".", "user": 2, "content_type": 11}}, {"pk": 92, "model": "admin.logentry", "fields": {"action_flag": 2, "action_time": "2010-04-11 02:11:04", "object_repr": "Nonnabiti", "object_id": "35", "change_message": "Added menu item \"Kj\u00f6tb\u00e1tur\". Added menu item \"Lambab\u00e1tur\". Added menu item \"L\u00faxusb\u00e1tur\".", "user": 2, "content_type": 11}}, {"pk": 91, "model": "admin.logentry", "fields": {"action_flag": 2, "action_time": "2010-04-11 02:10:51", "object_repr": "Nonnabiti", "object_id": "35", "change_message": "Added menu item \"Karr\u00fdb\u00e1tur\". Added menu item \"Kj\u00faklingab\u00e1tur\". Added menu item \"Kj\u00faklingalundir\".", "user": 2, "content_type": 11}}, {"pk": 90, "model": "admin.logentry", "fields": {"action_flag": 2, "action_time": "2010-04-11 02:10:36", "object_repr": "Nonnabiti", "object_id": "35", "change_message": "Added menu item \"Gauab\u00e1tur\". Added menu item \"Gr\u00e6nmetisb\u00e1tur\". Added menu item \"Kalk\u00fanab\u00e1tur\".", "user": 2, "content_type": 11}}, {"pk": 89, "model": "admin.logentry", "fields": {"action_flag": 1, "action_time": "2010-04-11 02:10:23", "object_repr": "Nonnabiti", "object_id": "35", "change_message": "", "user": 2, "content_type": 11}}, {"pk": 88, "model": "admin.logentry", "fields": {"action_flag": 2, "action_time": "2010-04-11 02:07:33", "object_repr": "Nonnabiti", "object_id": "34", "change_message": "Added menu item \"Sv\u00ednab\u00e1tur\". Added menu item \"T\u00fanfiskb\u00e1tur\".", "user": 2, "content_type": 11}}, {"pk": 87, "model": "admin.logentry", "fields": {"action_flag": 2, "action_time": "2010-04-11 02:07:12", "object_repr": "Nonnabiti", "object_id": "34", "change_message": "Added menu item \"R\u00e6kjub\u00e1tur\". Added menu item \"Salamib\u00e1tur\". Added menu item \"Skinkub\u00e1tur\".", "user": 2, "content_type": 11}}, {"pk": 86, "model": "admin.logentry", "fields": {"action_flag": 2, "action_time": "2010-04-11 02:06:40", "object_repr": "Nonnabiti", "object_id": "34", "change_message": "Added menu item \"Nautab\u00e1tur\". Added menu item \"Nauta og ostab\u00e1tur\". Added menu item \"Pepperonib\u00e1tur\".", "user": 2, "content_type": 11}}, {"pk": 85, "model": "admin.logentry", "fields": {"action_flag": 2, "action_time": "2010-04-11 02:06:05", "object_repr": "Nonnabiti", "object_id": "34", "change_message": "Added menu item \"Kj\u00f6tb\u00e1tur\". Added menu item \"Lambab\u00e1tur\". Added menu item \"L\u00faxusb\u00e1tur\".", "user": 2, "content_type": 11}}, {"pk": 84, "model": "admin.logentry", "fields": {"action_flag": 2, "action_time": "2010-04-11 02:05:38", "object_repr": "Nonnabiti", "object_id": "34", "change_message": "Added menu item \"Karr\u00fdb\u00e1tur\". Added menu item \"Kj\u00faklingab\u00e1tur\". Added menu item \"Kj\u00faklingalundir\".", "user": 2, "content_type": 11}}, {"pk": 83, "model": "admin.logentry", "fields": {"action_flag": 2, "action_time": "2010-04-11 02:04:50", "object_repr": "Nonnabiti", "object_id": "34", "change_message": "Added menu item \"Gauab\u00e1tur\". Added menu item \"Gr\u00e6nmetisb\u00e1tur\". Added menu item \"Kalk\u00fanab\u00e1tur\".", "user": 2, "content_type": 11}}, {"pk": 82, "model": "admin.logentry", "fields": {"action_flag": 1, "action_time": "2010-04-11 02:04:07", "object_repr": "Nonnabiti", "object_id": "34", "change_message": "", "user": 2, "content_type": 11}}, {"pk": 81, "model": "admin.logentry", "fields": {"action_flag": 2, "action_time": "2010-04-11 02:00:45", "object_repr": "Dominos Pizza", "object_id": "33", "change_message": "Added menu item \"Domino's Surprise\". Added menu item \"Bahamas\". Added menu item \"Creme Mexicano\".", "user": 2, "content_type": 11}}, {"pk": 80, "model": "admin.logentry", "fields": {"action_flag": 2, "action_time": "2010-04-11 02:00:33", "object_repr": "Dominos Pizza", "object_id": "33", "change_message": "Added menu item \"Domino\u00b4s Basic\". Added menu item \"New York\". Added menu item \"Domino's Deluxe\".", "user": 2, "content_type": 11}}, {"pk": 79, "model": "admin.logentry", "fields": {"action_flag": 1, "action_time": "2010-04-11 02:00:21", "object_repr": "Dominos Pizza", "object_id": "33", "change_message": "", "user": 2, "content_type": 11}}, {"pk": 78, "model": "admin.logentry", "fields": {"action_flag": 2, "action_time": "2010-04-11 01:57:52", "object_repr": "Dominos Pizza", "object_id": "32", "change_message": "Added menu item \"Domino's Surprise\". Added menu item \"Bahamas\". Added menu item \"Creme Mexicano\".", "user": 2, "content_type": 11}}, {"pk": 77, "model": "admin.logentry", "fields": {"action_flag": 2, "action_time": "2010-04-11 01:57:40", "object_repr": "Dominos Pizza", "object_id": "32", "change_message": "Added menu item \"Domino\u00b4s Basic\". Added menu item \"New York\". Added menu item \"Domino's Deluxe\".", "user": 2, "content_type": 11}}, {"pk": 76, "model": "admin.logentry", "fields": {"action_flag": 1, "action_time": "2010-04-11 01:57:25", "object_repr": "Dominos Pizza", "object_id": "32", "change_message": "", "user": 2, "content_type": 11}}, {"pk": 75, "model": "admin.logentry", "fields": {"action_flag": 2, "action_time": "2010-04-11 01:54:46", "object_repr": "Dominos Pizza", "object_id": "31", "change_message": "Added menu item \"Domino's Surprise\". Added menu item \"Bahamas\". Added menu item \"Creme Mexicano\".", "user": 2, "content_type": 11}}, {"pk": 74, "model": "admin.logentry", "fields": {"action_flag": 2, "action_time": "2010-04-11 01:54:31", "object_repr": "Dominos Pizza", "object_id": "31", "change_message": "Added menu item \"Domino\u00b4s Basic\". Added menu item \"New York\". Added menu item \"Domino's Deluxe\".", "user": 2, "content_type": 11}}, {"pk": 73, "model": "admin.logentry", "fields": {"action_flag": 1, "action_time": "2010-04-11 01:54:17", "object_repr": "Dominos Pizza", "object_id": "31", "change_message": "", "user": 2, "content_type": 11}}, {"pk": 72, "model": "admin.logentry", "fields": {"action_flag": 2, "action_time": "2010-04-11 01:51:43", "object_repr": "Dominos Pizza", "object_id": "30", "change_message": "Added menu item \"Domino's Surprise\". Added menu item \"Bahamas\". Added menu item \"Creme Mexicano\".", "user": 2, "content_type": 11}}, {"pk": 71, "model": "admin.logentry", "fields": {"action_flag": 2, "action_time": "2010-04-11 01:51:30", "object_repr": "Dominos Pizza", "object_id": "30", "change_message": "Added menu item \"Domino\u00b4s Basic\". Added menu item \"New York\". Added menu item \"Domino's Deluxe\".", "user": 2, "content_type": 11}}, {"pk": 70, "model": "admin.logentry", "fields": {"action_flag": 1, "action_time": "2010-04-11 01:51:11", "object_repr": "Dominos Pizza", "object_id": "30", "change_message": "", "user": 2, "content_type": 11}}, {"pk": 69, "model": "admin.logentry", "fields": {"action_flag": 2, "action_time": "2010-04-11 01:48:59", "object_repr": "Dominos Pizza", "object_id": "29", "change_message": "Added menu item \"Domino's Surprise\". Added menu item \"Bahamas\". Added menu item \"Creme Mexicano\".", "user": 2, "content_type": 11}}, {"pk": 68, "model": "admin.logentry", "fields": {"action_flag": 2, "action_time": "2010-04-11 01:48:46", "object_repr": "Dominos Pizza", "object_id": "29", "change_message": "Added menu item \"Domino\u00b4s Basic\". Added menu item \"New York\". Added menu item \"Domino's Deluxe\".", "user": 2, "content_type": 11}}, {"pk": 67, "model": "admin.logentry", "fields": {"action_flag": 1, "action_time": "2010-04-11 01:48:34", "object_repr": "Dominos Pizza", "object_id": "29", "change_message": "", "user": 2, "content_type": 11}}, {"pk": 66, "model": "admin.logentry", "fields": {"action_flag": 2, "action_time": "2010-04-11 01:46:46", "object_repr": "Dominos Pizza", "object_id": "28", "change_message": "Added menu item \"Domino's Surprise\". Added menu item \"Bahamas\". Added menu item \"Creme Mexicano\".", "user": 2, "content_type": 11}}, {"pk": 65, "model": "admin.logentry", "fields": {"action_flag": 2, "action_time": "2010-04-11 01:46:32", "object_repr": "Dominos Pizza", "object_id": "28", "change_message": "Added menu item \"Domino\u00b4s Basic\". Added menu item \"New York\". Added menu item \"Domino's Deluxe\".", "user": 2, "content_type": 11}}, {"pk": 64, "model": "admin.logentry", "fields": {"action_flag": 1, "action_time": "2010-04-11 01:46:17", "object_repr": "Dominos Pizza", "object_id": "28", "change_message": "", "user": 2, "content_type": 11}}, {"pk": 63, "model": "admin.logentry", "fields": {"action_flag": 2, "action_time": "2010-04-11 01:44:14", "object_repr": "Dominos Pizza", "object_id": "27", "change_message": "Added menu item \"Domino's Surprise\". Added menu item \"Bahamas\". Added menu item \"Creme Mexicano\".", "user": 2, "content_type": 11}}, {"pk": 62, "model": "admin.logentry", "fields": {"action_flag": 2, "action_time": "2010-04-11 01:44:03", "object_repr": "Dominos Pizza", "object_id": "27", "change_message": "Added menu item \"Domino\u00b4s Basic\". Added menu item \"New York\". Added menu item \"Domino's Deluxe\".", "user": 2, "content_type": 11}}, {"pk": 61, "model": "admin.logentry", "fields": {"action_flag": 1, "action_time": "2010-04-11 01:43:51", "object_repr": "Dominos Pizza", "object_id": "27", "change_message": "", "user": 2, "content_type": 11}}, {"pk": 60, "model": "admin.logentry", "fields": {"action_flag": 2, "action_time": "2010-04-11 01:41:08", "object_repr": "Dominos Pizza", "object_id": "26", "change_message": "Added menu item \"Domino's Surprise\". Added menu item \"Bahamas\". Added menu item \"Creme Mexicano\".", "user": 2, "content_type": 11}}, {"pk": 59, "model": "admin.logentry", "fields": {"action_flag": 2, "action_time": "2010-04-11 01:40:55", "object_repr": "Dominos Pizza", "object_id": "26", "change_message": "Added menu item \"Domino\u00b4s Basic\". Added menu item \"New York\". Added menu item \"Domino's Deluxe\".", "user": 2, "content_type": 11}}, {"pk": 58, "model": "admin.logentry", "fields": {"action_flag": 1, "action_time": "2010-04-11 01:40:42", "object_repr": "Dominos Pizza", "object_id": "26", "change_message": "", "user": 2, "content_type": 11}}, {"pk": 57, "model": "admin.logentry", "fields": {"action_flag": 2, "action_time": "2010-04-11 01:38:16", "object_repr": "Dominos Pizza", "object_id": "25", "change_message": "Added menu item \"Domino's Surprise\". Added menu item \"Bahamas\". Added menu item \"Creme Mexicano\".", "user": 2, "content_type": 11}}, {"pk": 56, "model": "admin.logentry", "fields": {"action_flag": 2, "action_time": "2010-04-11 01:38:02", "object_repr": "Dominos Pizza", "object_id": "25", "change_message": "Added menu item \"Domino\u00b4s Basic\". Added menu item \"New York\". Added menu item \"Domino's Deluxe\".", "user": 2, "content_type": 11}}, {"pk": 55, "model": "admin.logentry", "fields": {"action_flag": 1, "action_time": "2010-04-11 01:37:38", "object_repr": "Dominos Pizza", "object_id": "25", "change_message": "", "user": 2, "content_type": 11}}, {"pk": 54, "model": "admin.logentry", "fields": {"action_flag": 2, "action_time": "2010-04-11 01:34:42", "object_repr": "Dominos Pizza", "object_id": "22", "change_message": "Changed lat and lng.", "user": 2, "content_type": 11}}, {"pk": 53, "model": "admin.logentry", "fields": {"action_flag": 2, "action_time": "2010-04-11 01:32:40", "object_repr": "Dominos Pizza", "object_id": "24", "change_message": "Changed lat.", "user": 2, "content_type": 11}}, {"pk": 52, "model": "admin.logentry", "fields": {"action_flag": 2, "action_time": "2010-04-11 01:30:56", "object_repr": "Dominos Pizza", "object_id": "24", "change_message": "Changed lng.", "user": 2, "content_type": 11}}, {"pk": 51, "model": "admin.logentry", "fields": {"action_flag": 2, "action_time": "2010-04-11 01:29:06", "object_repr": "Dominos Pizza", "object_id": "24", "change_message": "Added menu item \"Domino's Surprise\". Added menu item \"Bahamas\". Added menu item \"Creme Mexicano\".", "user": 2, "content_type": 11}}, {"pk": 50, "model": "admin.logentry", "fields": {"action_flag": 2, "action_time": "2010-04-11 01:28:53", "object_repr": "Dominos Pizza", "object_id": "24", "change_message": "Added menu item \"Domino\u00b4s Basic\". Added menu item \"New York\". Added menu item \"Domino's Deluxe\".", "user": 2, "content_type": 11}}, {"pk": 49, "model": "admin.logentry", "fields": {"action_flag": 1, "action_time": "2010-04-11 01:28:39", "object_repr": "Dominos Pizza", "object_id": "24", "change_message": "", "user": 2, "content_type": 11}}, {"pk": 48, "model": "admin.logentry", "fields": {"action_flag": 2, "action_time": "2010-04-11 01:26:13", "object_repr": "Dominos Pizza", "object_id": "23", "change_message": "Added menu item \"Domino's Surprise\". Added menu item \"Bahamas\". Added menu item \"Creme Mexicano\".", "user": 2, "content_type": 11}}, {"pk": 47, "model": "admin.logentry", "fields": {"action_flag": 2, "action_time": "2010-04-11 01:26:01", "object_repr": "Dominos Pizza", "object_id": "23", "change_message": "Added menu item \"Domino\u00b4s Basic\". Added menu item \"New York\". Added menu item \"Domino's Deluxe\".", "user": 2, "content_type": 11}}, {"pk": 46, "model": "admin.logentry", "fields": {"action_flag": 1, "action_time": "2010-04-11 01:25:52", "object_repr": "Dominos Pizza", "object_id": "23", "change_message": "", "user": 2, "content_type": 11}}, {"pk": 45, "model": "admin.logentry", "fields": {"action_flag": 2, "action_time": "2010-04-11 01:22:12", "object_repr": "Dominos Pizza", "object_id": "22", "change_message": "Added menu item \"Domino's Surprise\". Added menu item \"Bahamas\". Added menu item \"Creme Mexicano\".", "user": 2, "content_type": 11}}, {"pk": 44, "model": "admin.logentry", "fields": {"action_flag": 2, "action_time": "2010-04-11 01:22:03", "object_repr": "Dominos Pizza", "object_id": "22", "change_message": "Added menu item \"Domino\u00b4s Basic\". Added menu item \"New York\". Added menu item \"Domino's Deluxe\".", "user": 2, "content_type": 11}}, {"pk": 43, "model": "admin.logentry", "fields": {"action_flag": 1, "action_time": "2010-04-11 01:21:28", "object_repr": "Dominos Pizza", "object_id": "22", "change_message": "", "user": 2, "content_type": 11}}, {"pk": 42, "model": "admin.logentry", "fields": {"action_flag": 2, "action_time": "2010-04-11 00:49:30", "object_repr": "Dominos Pizza", "object_id": "20", "change_message": "Changed name.", "user": 2, "content_type": 11}}, {"pk": 41, "model": "admin.logentry", "fields": {"action_flag": 2, "action_time": "2010-04-11 00:48:12", "object_repr": "Dominos Pizza s", "object_id": "20", "change_message": "Changed name.", "user": 2, "content_type": 11}}, {"pk": 40, "model": "admin.logentry", "fields": {"action_flag": 2, "action_time": "2010-04-10 19:19:44", "object_repr": "Dominos Pizza", "object_id": "21", "change_message": "Changed website.", "user": 2, "content_type": 11}}, {"pk": 39, "model": "admin.logentry", "fields": {"action_flag": 2, "action_time": "2010-04-10 15:51:45", "object_repr": "Fri\u00f0rik V. Brasserie", "object_id": "8", "change_message": "Changed types.", "user": 2, "content_type": 11}}, {"pk": 38, "model": "admin.logentry", "fields": {"action_flag": 2, "action_time": "2010-04-02 14:16:06", "object_repr": "Dominos Pizza", "object_id": "21", "change_message": "Changed lng.", "user": 2, "content_type": 11}}, {"pk": 37, "model": "admin.logentry", "fields": {"action_flag": 2, "action_time": "2010-04-02 14:14:46", "object_repr": "Dominos Pizza", "object_id": "21", "change_message": "Added menu item \"Domino's Surprise\". Added menu item \"Bahamas\". Added menu item \"Creme Mexicano\".", "user": 2, "content_type": 11}}, {"pk": 36, "model": "admin.logentry", "fields": {"action_flag": 2, "action_time": "2010-04-02 14:14:34", "object_repr": "Dominos Pizza", "object_id": "21", "change_message": "Added menu item \"Domino\u00b4s Basic\". Added menu item \"New York\". Added menu item \"Domino's Deluxe\".", "user": 2, "content_type": 11}}, {"pk": 35, "model": "admin.logentry", "fields": {"action_flag": 1, "action_time": "2010-04-02 14:14:23", "object_repr": "Dominos Pizza", "object_id": "21", "change_message": "", "user": 2, "content_type": 11}}, {"pk": 34, "model": "admin.logentry", "fields": {"action_flag": 3, "action_time": "2010-04-02 14:08:56", "object_repr": "#12 - Order for Dominos Pizza", "object_id": "12", "change_message": "", "user": 2, "content_type": 16}}, {"pk": 33, "model": "admin.logentry", "fields": {"action_flag": 2, "action_time": "2010-04-02 14:07:57", "object_repr": "Dominos Pizza", "object_id": "20", "change_message": "Changed lat and lng.", "user": 2, "content_type": 11}}, {"pk": 32, "model": "admin.logentry", "fields": {"action_flag": 2, "action_time": "2010-04-02 14:06:43", "object_repr": "Dominos Pizza", "object_id": "20", "change_message": "Changed lat and lng.", "user": 2, "content_type": 11}}, {"pk": 31, "model": "admin.logentry", "fields": {"action_flag": 2, "action_time": "2010-04-02 14:03:17", "object_repr": "Dominos Pizza", "object_id": "20", "change_message": "Changed lng.", "user": 2, "content_type": 11}}, {"pk": 30, "model": "admin.logentry", "fields": {"action_flag": 2, "action_time": "2010-04-02 13:37:06", "object_repr": "Dominos Pizza", "object_id": "20", "change_message": "Added menu item \"Domino's Surprise\". Added menu item \"Bahamas\". Added menu item \"Creme Mexicano\".", "user": 2, "content_type": 11}}, {"pk": 29, "model": "admin.logentry", "fields": {"action_flag": 2, "action_time": "2010-04-02 13:36:10", "object_repr": "Dominos Pizza", "object_id": "20", "change_message": "Added menu item \"Domino\u00b4s Basic\". Added menu item \"New York\". Added menu item \"Domino's Deluxe\".", "user": 2, "content_type": 11}}, {"pk": 28, "model": "admin.logentry", "fields": {"action_flag": 1, "action_time": "2010-04-02 13:35:13", "object_repr": "Dominos Pizza", "object_id": "20", "change_message": "", "user": 2, "content_type": 11}}, {"pk": 27, "model": "admin.logentry", "fields": {"action_flag": 3, "action_time": "2010-04-02 01:34:18", "object_repr": "#9 - Order for Gallery Restaurant, H\u00f3tel Holti", "object_id": "9", "change_message": "", "user": 1, "content_type": 16}}, {"pk": 26, "model": "admin.logentry", "fields": {"action_flag": 1, "action_time": "2010-03-29 11:56:07", "object_repr": "Review for Fjalak\u00f6tturinn", "object_id": "18", "change_message": "", "user": 3, "content_type": 12}}, {"pk": 25, "model": "admin.logentry", "fields": {"action_flag": 2, "action_time": "2010-03-28 20:27:12", "object_repr": "hallizh", "object_id": "3", "change_message": "Changed is_staff.", "user": 1, "content_type": 3}}, {"pk": 24, "model": "admin.logentry", "fields": {"action_flag": 2, "action_time": "2010-03-28 20:27:01", "object_repr": "Arnar", "object_id": "2", "change_message": "Changed is_staff and is_superuser.", "user": 1, "content_type": 3}}, {"pk": 23, "model": "admin.logentry", "fields": {"action_flag": 3, "action_time": "2010-03-28 20:26:40", "object_repr": "Arnar", "object_id": "1", "change_message": "", "user": 1, "content_type": 2}}, {"pk": 22, "model": "admin.logentry", "fields": {"action_flag": 2, "action_time": "2010-03-28 20:26:24", "object_repr": "hallizh", "object_id": "3", "change_message": "Changed user_permissions.", "user": 1, "content_type": 3}}, {"pk": 21, "model": "admin.logentry", "fields": {"action_flag": 1, "action_time": "2010-03-28 20:26:22", "object_repr": "Arnar", "object_id": "1", "change_message": "", "user": 1, "content_type": 2}}, {"pk": 20, "model": "admin.logentry", "fields": {"action_flag": 1, "action_time": "2010-03-28 20:26:02", "object_repr": "hallizh", "object_id": "3", "change_message": "", "user": 1, "content_type": 3}}, {"pk": 19, "model": "admin.logentry", "fields": {"action_flag": 1, "action_time": "2010-03-28 20:25:54", "object_repr": "Arnar", "object_id": "2", "change_message": "", "user": 1, "content_type": 3}}, {"pk": 18, "model": "admin.logentry", "fields": {"action_flag": 3, "action_time": "2010-03-01 16:37:13", "object_repr": "Testari Testsson (test@test.is)", "object_id": "2", "change_message": "", "user": 1, "content_type": 8}}, {"pk": 17, "model": "admin.logentry", "fields": {"action_flag": 3, "action_time": "2010-03-01 16:37:12", "object_repr": "Siggi Jons (sij16@hi.is)", "object_id": "3", "change_message": "", "user": 1, "content_type": 8}}, {"pk": 16, "model": "admin.logentry", "fields": {"action_flag": 3, "action_time": "2010-03-01 16:37:12", "object_repr": "Siggi Jons (test4@hi.is)", "object_id": "4", "change_message": "", "user": 1, "content_type": 8}}, {"pk": 15, "model": "admin.logentry", "fields": {"action_flag": 3, "action_time": "2010-03-01 12:46:39", "object_repr": "Siggi Jons (sij16@hi.is)", "object_id": "3", "change_message": "", "user": 1, "content_type": 8}}, {"pk": 14, "model": "admin.logentry", "fields": {"action_flag": 3, "action_time": "2010-02-22 18:34:01", "object_repr": "Testari Testsson (test@test.is)", "object_id": "2", "change_message": "", "user": 1, "content_type": 8}}, {"pk": 13, "model": "admin.logentry", "fields": {"action_flag": 3, "action_time": "2010-02-22 18:31:26", "object_repr": "Review for Argent\u00edna", "object_id": "1", "change_message": "", "user": 1, "content_type": 12}}, {"pk": 12, "model": "admin.logentry", "fields": {"action_flag": 3, "action_time": "2010-02-22 18:31:26", "object_repr": "Review for Argent\u00edna", "object_id": "2", "change_message": "", "user": 1, "content_type": 12}}, {"pk": 11, "model": "admin.logentry", "fields": {"action_flag": 3, "action_time": "2010-02-22 18:31:26", "object_repr": "Review for Argent\u00edna", "object_id": "3", "change_message": "", "user": 1, "content_type": 12}}, {"pk": 10, "model": "admin.logentry", "fields": {"action_flag": 3, "action_time": "2010-02-22 18:31:26", "object_repr": "Review for Argent\u00edna", "object_id": "4", "change_message": "", "user": 1, "content_type": 12}}, {"pk": 9, "model": "admin.logentry", "fields": {"action_flag": 3, "action_time": "2010-02-22 18:31:02", "object_repr": "Testari Testsson (test@test.is)", "object_id": "2", "change_message": "", "user": 1, "content_type": 8}}, {"pk": 8, "model": "admin.logentry", "fields": {"action_flag": 3, "action_time": "2010-02-22 18:17:23", "object_repr": "Testari Testsson (test@test.is)", "object_id": "2", "change_message": "", "user": 1, "content_type": 8}}, {"pk": 7, "model": "admin.logentry", "fields": {"action_flag": 3, "action_time": "2010-02-22 18:08:41", "object_repr": "Testari Testsson (test@test.is)", "object_id": "2", "change_message": "", "user": 1, "content_type": 8}}, {"pk": 6, "model": "admin.logentry", "fields": {"action_flag": 3, "action_time": "2010-02-22 18:05:33", "object_repr": "Testari Testsson (test@test.is)", "object_id": "2", "change_message": "", "user": 1, "content_type": 8}}, {"pk": 5, "model": "admin.logentry", "fields": {"action_flag": 3, "action_time": "2010-02-22 17:37:57", "object_repr": "Testari Testsson (test@test.is)", "object_id": "2", "change_message": "", "user": 1, "content_type": 8}}, {"pk": 4, "model": "admin.logentry", "fields": {"action_flag": 3, "action_time": "2010-02-22 17:36:34", "object_repr": "  (test@test.is)", "object_id": "2", "change_message": "", "user": 1, "content_type": 8}}, {"pk": 3, "model": "admin.logentry", "fields": {"action_flag": 2, "action_time": "2010-02-20 00:14:08", "object_repr": "Siggi J\u00f3ns (siggijons27@gmail.com)", "object_id": "1", "change_message": "Changed apikey.", "user": 1, "content_type": 8}}, {"pk": 2, "model": "admin.logentry", "fields": {"action_flag": 2, "action_time": "2010-02-20 00:12:26", "object_repr": "Argent\u00edna", "object_id": "1", "change_message": "Deleted rating \"Rating object\".", "user": 1, "content_type": 11}}, {"pk": 1, "model": "admin.logentry", "fields": {"action_flag": 2, "action_time": "2010-02-20 00:10:09", "object_repr": "Siggi J\u00f3ns (siggijons27@gmail.com)", "object_id": "1", "change_message": "Changed apikey.", "user": 1, "content_type": 8}}]
