[{"pk": 43, "model": "auth.permission", "fields": {"codename": "add_logentry", "name": "Can add log entry", "content_type": 15}}, {"pk": 44, "model": "auth.permission", "fields": {"codename": "change_logentry", "name": "Can change log entry", "content_type": 15}}, {"pk": 45, "model": "auth.permission", "fields": {"codename": "delete_logentry", "name": "Can delete log entry", "content_type": 15}}, {"pk": 4, "model": "auth.permission", "fields": {"codename": "add_group", "name": "Can add group", "content_type": 2}}, {"pk": 10, "model": "auth.permission", "fields": {"codename": "add_message", "name": "Can add message", "content_type": 4}}, {"pk": 1, "model": "auth.permission", "fields": {"codename": "add_permission", "name": "Can add permission", "content_type": 1}}, {"pk": 7, "model": "auth.permission", "fields": {"codename": "add_user", "name": "Can add user", "content_type": 3}}, {"pk": 5, "model": "auth.permission", "fields": {"codename": "change_group", "name": "Can change group", "content_type": 2}}, {"pk": 11, "model": "auth.permission", "fields": {"codename": "change_message", "name": "Can change message", "content_type": 4}}, {"pk": 2, "model": "auth.permission", "fields": {"codename": "change_permission", "name": "Can change permission", "content_type": 1}}, {"pk": 8, "model": "auth.permission", "fields": {"codename": "change_user", "name": "Can change user", "content_type": 3}}, {"pk": 6, "model": "auth.permission", "fields": {"codename": "delete_group", "name": "Can delete group", "content_type": 2}}, {"pk": 12, "model": "auth.permission", "fields": {"codename": "delete_message", "name": "Can delete message", "content_type": 4}}, {"pk": 3, "model": "auth.permission", "fields": {"codename": "delete_permission", "name": "Can delete permission", "content_type": 1}}, {"pk": 9, "model": "auth.permission", "fields": {"codename": "delete_user", "name": "Can delete user", "content_type": 3}}, {"pk": 13, "model": "auth.permission", "fields": {"codename": "add_contenttype", "name": "Can add content type", "content_type": 5}}, {"pk": 14, "model": "auth.permission", "fields": {"codename": "change_contenttype", "name": "Can change content type", "content_type": 5}}, {"pk": 15, "model": "auth.permission", "fields": {"codename": "delete_contenttype", "name": "Can delete content type", "content_type": 5}}, {"pk": 40, "model": "auth.permission", "fields": {"codename": "add_menuitem", "name": "Can add menu item", "content_type": 14}}, {"pk": 25, "model": "auth.permission", "fields": {"codename": "add_pricegroup", "name": "Can add pricegroup", "content_type": 9}}, {"pk": 37, "model": "auth.permission", "fields": {"codename": "add_rating", "name": "Can add rating", "content_type": 13}}, {"pk": 31, "model": "auth.permission", "fields": {"codename": "add_restaurant", "name": "Can add restaurant", "content_type": 11}}, {"pk": 34, "model": "auth.permission", "fields": {"codename": "add_review", "name": "Can add review", "content_type": 12}}, {"pk": 28, "model": "auth.permission", "fields": {"codename": "add_type", "name": "Can add type", "content_type": 10}}, {"pk": 22, "model": "auth.permission", "fields": {"codename": "add_user", "name": "Can add user", "content_type": 8}}, {"pk": 41, "model": "auth.permission", "fields": {"codename": "change_menuitem", "name": "Can change menu item", "content_type": 14}}, {"pk": 26, "model": "auth.permission", "fields": {"codename": "change_pricegroup", "name": "Can change pricegroup", "content_type": 9}}, {"pk": 38, "model": "auth.permission", "fields": {"codename": "change_rating", "name": "Can change rating", "content_type": 13}}, {"pk": 32, "model": "auth.permission", "fields": {"codename": "change_restaurant", "name": "Can change restaurant", "content_type": 11}}, {"pk": 35, "model": "auth.permission", "fields": {"codename": "change_review", "name": "Can change review", "content_type": 12}}, {"pk": 29, "model": "auth.permission", "fields": {"codename": "change_type", "name": "Can change type", "content_type": 10}}, {"pk": 23, "model": "auth.permission", "fields": {"codename": "change_user", "name": "Can change user", "content_type": 8}}, {"pk": 42, "model": "auth.permission", "fields": {"codename": "delete_menuitem", "name": "Can delete menu item", "content_type": 14}}, {"pk": 27, "model": "auth.permission", "fields": {"codename": "delete_pricegroup", "name": "Can delete pricegroup", "content_type": 9}}, {"pk": 39, "model": "auth.permission", "fields": {"codename": "delete_rating", "name": "Can delete rating", "content_type": 13}}, {"pk": 33, "model": "auth.permission", "fields": {"codename": "delete_restaurant", "name": "Can delete restaurant", "content_type": 11}}, {"pk": 36, "model": "auth.permission", "fields": {"codename": "delete_review", "name": "Can delete review", "content_type": 12}}, {"pk": 30, "model": "auth.permission", "fields": {"codename": "delete_type", "name": "Can delete type", "content_type": 10}}, {"pk": 24, "model": "auth.permission", "fields": {"codename": "delete_user", "name": "Can delete user", "content_type": 8}}, {"pk": 16, "model": "auth.permission", "fields": {"codename": "add_session", "name": "Can add session", "content_type": 6}}, {"pk": 17, "model": "auth.permission", "fields": {"codename": "change_session", "name": "Can change session", "content_type": 6}}, {"pk": 18, "model": "auth.permission", "fields": {"codename": "delete_session", "name": "Can delete session", "content_type": 6}}, {"pk": 19, "model": "auth.permission", "fields": {"codename": "add_site", "name": "Can add site", "content_type": 7}}, {"pk": 20, "model": "auth.permission", "fields": {"codename": "change_site", "name": "Can change site", "content_type": 7}}, {"pk": 21, "model": "auth.permission", "fields": {"codename": "delete_site", "name": "Can delete site", "content_type": 7}}, {"pk": 1, "model": "auth.user", "fields": {"username": "foodo", "first_name": "", "last_name": "", "is_active": true, "is_superuser": true, "is_staff": true, "last_login": "2010-02-10 15:33:48", "groups": [], "user_permissions": [], "password": "sha1$46014$17261338f60003aa981aa279a9d1374ed831af34", "email": "bashandroid@googlegroups.com", "date_joined": "2010-02-10 15:30:53"}}, {"pk": 5, "model": "contenttypes.contenttype", "fields": {"model": "contenttype", "name": "content type", "app_label": "contenttypes"}}, {"pk": 2, "model": "contenttypes.contenttype", "fields": {"model": "group", "name": "group", "app_label": "auth"}}, {"pk": 15, "model": "contenttypes.contenttype", "fields": {"model": "logentry", "name": "log entry", "app_label": "admin"}}, {"pk": 14, "model": "contenttypes.contenttype", "fields": {"model": "menuitem", "name": "menu item", "app_label": "restaurants"}}, {"pk": 4, "model": "contenttypes.contenttype", "fields": {"model": "message", "name": "message", "app_label": "auth"}}, {"pk": 1, "model": "contenttypes.contenttype", "fields": {"model": "permission", "name": "permission", "app_label": "auth"}}, {"pk": 9, "model": "contenttypes.contenttype", "fields": {"model": "pricegroup", "name": "pricegroup", "app_label": "restaurants"}}, {"pk": 13, "model": "contenttypes.contenttype", "fields": {"model": "rating", "name": "rating", "app_label": "restaurants"}}, {"pk": 11, "model": "contenttypes.contenttype", "fields": {"model": "restaurant", "name": "restaurant", "app_label": "restaurants"}}, {"pk": 12, "model": "contenttypes.contenttype", "fields": {"model": "review", "name": "review", "app_label": "restaurants"}}, {"pk": 6, "model": "contenttypes.contenttype", "fields": {"model": "session", "name": "session", "app_label": "sessions"}}, {"pk": 7, "model": "contenttypes.contenttype", "fields": {"model": "site", "name": "site", "app_label": "sites"}}, {"pk": 10, "model": "contenttypes.contenttype", "fields": {"model": "type", "name": "type", "app_label": "restaurants"}}, {"pk": 3, "model": "contenttypes.contenttype", "fields": {"model": "user", "name": "user", "app_label": "auth"}}, {"pk": 8, "model": "contenttypes.contenttype", "fields": {"model": "user", "name": "user", "app_label": "restaurants"}}, {"pk": "149e5ff057807a6bba6c54b486eb3b25", "model": "sessions.session", "fields": {"expire_date": "2010-02-24 15:33:48", "session_data": "gAJ9cQEoVRJfYXV0aF91c2VyX2JhY2tlbmRxAlUpZGphbmdvLmNvbnRyaWIuYXV0aC5iYWNrZW5k\ncy5Nb2RlbEJhY2tlbmRxA1UNX2F1dGhfdXNlcl9pZHEESwF1LmQwMmIxOTNjYTU4YzViZTRmNTM0\nMzhhYmFjNTg0MDI1\n"}}, {"pk": 1, "model": "sites.site", "fields": {"domain": "example.com", "name": "example.com"}}, {"pk": 1, "model": "restaurants.pricegroup", "fields": {"name": "Pricegroup 1"}}, {"pk": 2, "model": "restaurants.pricegroup", "fields": {"name": "Pricegroup 2"}}, {"pk": 3, "model": "restaurants.pricegroup", "fields": {"name": "Pricegroup 3"}}, {"pk": 1, "model": "restaurants.type", "fields": {"name": "Bakery"}}, {"pk": 2, "model": "restaurants.type", "fields": {"name": "Barbecue"}}, {"pk": 3, "model": "restaurants.type", "fields": {"name": "Bistro"}}, {"pk": 4, "model": "restaurants.type", "fields": {"name": "Buffet"}}, {"pk": 5, "model": "restaurants.type", "fields": {"name": "Caf\u00e9"}}, {"pk": 6, "model": "restaurants.type", "fields": {"name": "Casual"}}, {"pk": 7, "model": "restaurants.type", "fields": {"name": "Chicken"}}, {"pk": 8, "model": "restaurants.type", "fields": {"name": "Chinese"}}, {"pk": 9, "model": "restaurants.type", "fields": {"name": "Coffeehouse"}}, {"pk": 10, "model": "restaurants.type", "fields": {"name": "Diner"}}, {"pk": 11, "model": "restaurants.type", "fields": {"name": "Drive-in"}}, {"pk": 12, "model": "restaurants.type", "fields": {"name": "Fast food"}}, {"pk": 13, "model": "restaurants.type", "fields": {"name": "Fish"}}, {"pk": 14, "model": "restaurants.type", "fields": {"name": "Grilled"}}, {"pk": 15, "model": "restaurants.type", "fields": {"name": "Hamburger"}}, {"pk": 16, "model": "restaurants.type", "fields": {"name": "Health food"}}, {"pk": 17, "model": "restaurants.type", "fields": {"name": "Hot Dog"}}, {"pk": 18, "model": "restaurants.type", "fields": {"name": "Ice cream"}}, {"pk": 19, "model": "restaurants.type", "fields": {"name": "Indian"}}, {"pk": 20, "model": "restaurants.type", "fields": {"name": "Italian"}}, {"pk": 21, "model": "restaurants.type", "fields": {"name": "Japanese"}}, {"pk": 22, "model": "restaurants.type", "fields": {"name": "Juice Bar"}}, {"pk": 23, "model": "restaurants.type", "fields": {"name": "Mexican"}}, {"pk": 24, "model": "restaurants.type", "fields": {"name": "Pizza"}}, {"pk": 25, "model": "restaurants.type", "fields": {"name": "Pub"}}, {"pk": 26, "model": "restaurants.type", "fields": {"name": "Sandwich"}}, {"pk": 27, "model": "restaurants.type", "fields": {"name": "Seafood"}}, {"pk": 28, "model": "restaurants.type", "fields": {"name": "Steak"}}, {"pk": 29, "model": "restaurants.type", "fields": {"name": "Steakhouse"}}, {"pk": 34, "model": "restaurants.type", "fields": {"name": "Sushi"}}, {"pk": 30, "model": "restaurants.type", "fields": {"name": "Take-out"}}, {"pk": 31, "model": "restaurants.type", "fields": {"name": "Taverns"}}, {"pk": 32, "model": "restaurants.type", "fields": {"name": "Thai"}}, {"pk": 33, "model": "restaurants.type", "fields": {"name": "Vegetarian"}}, {"pk": 1, "model": "restaurants.restaurant", "fields": {"website": "www.argentina.is", "city": "Reykjav\u00edk", "name": "Argent\u00edna", "zip": 101, "created": "2010-02-10 15:53:14", "pricegroup": 1, "phone": "551 9555", "address": "Bar\u00f3nst\u00edg 11a", "lat": 64144066, "lng": -21918433, "email": "salur@argentina.is", "types": [28, 29], "description": ""}}, {"pk": 2, "model": "restaurants.restaurant", "fields": {"website": "www.austurindia.is", "city": "Reykjav\u00edk", "name": "Austur Ind\u00edaf\u00e9lagi\u00f0", "zip": 101, "created": "2010-02-10 15:54:09", "pricegroup": 1, "phone": "552 1630", "address": "Hverfisg\u00f6tu 56", "lat": 64145650, "lng": -21925600, "email": "austurindia@austurindia.is", "types": [19], "description": ""}}, {"pk": 3, "model": "restaurants.restaurant", "fields": {"website": "www.cafeparis.is", "city": "Reykjav\u00edk", "name": "Cafe Par\u00eds", "zip": 101, "created": "2010-02-10 15:54:53", "pricegroup": 1, "phone": "551 1020", "address": "Austurstr\u00e6ti 14", "lat": 64147516, "lng": -21938916, "email": "cafeparis@cafeparis.is", "types": [5], "description": ""}}, {"pk": 4, "model": "restaurants.restaurant", "fields": {"website": "www.caruso.is", "city": "Reykjav\u00edk", "name": "Caruso", "zip": 101, "created": "2010-02-10 15:56:12", "pricegroup": 2, "phone": "562 7335", "address": "\u00deingholtsstr\u00e6ti 1", "lat": 64146666, "lng": -21934300, "email": "caruso@caruso.is", "types": [20], "description": ""}}, {"pk": 5, "model": "restaurants.restaurant", "fields": {"website": "www.einarben.is", "city": "Reykjav\u00edk", "name": "Einar Ben", "zip": 101, "created": "2010-02-10 15:57:00", "pricegroup": 3, "phone": "511 5090", "address": "Veltusund 1", "lat": 64147816, "lng": -21940800, "email": "einarben@einarben.is", "types": [13, 28], "description": ""}}, {"pk": 6, "model": "restaurants.restaurant", "fields": {"website": "www.fiskmarkadurinn.is", "city": "Reykjav\u00edk", "name": "Fiskmarka\u00f0urinn", "zip": 101, "created": "2010-02-10 15:57:33", "pricegroup": 1, "phone": "578 8877", "address": "A\u00f0alstr\u00e6ti 12", "lat": 64147733, "lng": -21942216, "email": "info@fiskmarkadurinn.is", "types": [13], "description": ""}}, {"pk": 7, "model": "restaurants.restaurant", "fields": {"website": "www.reykjavikhotels.is", "city": "Reykjav\u00edk", "name": "Fjalak\u00f6tturinn", "zip": 101, "created": "2010-02-10 16:03:24", "pricegroup": 2, "phone": "514 6000", "address": "A\u00f0alstr\u00e6ti", "lat": 64147516, "lng": -21942383, "email": "", "types": [14], "description": ""}}, {"pk": 8, "model": "restaurants.restaurant", "fields": {"website": "www.fridrikv.is", "city": "Akureyri", "name": "Fri\u00f0rik V. Brasserie", "zip": 600, "created": "2010-02-10 16:04:01", "pricegroup": 3, "phone": "461 5775", "address": "Kaupvangsstr\u00e6ti 6", "lat": 65679350, "lng": -18094383, "email": "fridrikv@fridrikv.is", "types": [], "description": ""}}, {"pk": 9, "model": "restaurants.restaurant", "fields": {"website": "www.holt.is", "city": "Reykjav\u00edk", "name": "Gallery Restaurant, H\u00f3tel Holti", "zip": 101, "created": "2010-02-10 16:04:33", "pricegroup": 3, "phone": "552 5700", "address": "Bergsta\u00f0astr\u00e6ti 37", "lat": 64142866, "lng": -21934916, "email": "gallery@holt.is", "types": [27, 28], "description": ""}}, {"pk": 10, "model": "restaurants.restaurant", "fields": {"website": "www.grillid.is", "city": "Reykjav\u00edk", "name": "Grilli\u00f0", "zip": 107, "created": "2010-02-10 16:05:07", "pricegroup": 3, "phone": "525 9960", "address": "v/Hagatorg", "lat": 64140233, "lng": -21954283, "email": "grillid@grillid.is", "types": [13, 14, 28], "description": ""}}, {"pk": 15, "model": "restaurants.restaurant", "fields": {"website": "", "city": "Reykjav\u00edk", "name": "Hamborgarab\u00falla T\u00f3masar", "zip": 101, "created": "2010-02-10 16:09:42", "pricegroup": 2, "phone": "511 1888", "address": "Geirsg\u00f6tu 1", "lat": 64125300, "lng": -21816700, "email": "hbta@simnet.is", "types": [15], "description": ""}}, {"pk": 16, "model": "restaurants.restaurant", "fields": {"website": "www.hereford.is", "city": "Reykjav\u00edk", "name": "Hereford steikh\u00fas", "zip": 101, "created": "2010-02-10 16:10:19", "pricegroup": 3, "phone": "511 3350", "address": " Laugavegi 53B", "lat": 64144700, "lng": -21923400, "email": "hereford@hereford.is", "types": [28, 29], "description": ""}}, {"pk": 14, "model": "restaurants.restaurant", "fields": {"website": "www.hresso.is", "city": "Reykjav\u00edk", "name": "Hressingarsk\u00e1linn", "zip": 101, "created": "2010-02-10 16:09:09", "pricegroup": 2, "phone": "561 2240", "address": " Austurstr\u00e6ti 20", "lat": 21147366, "lng": -21937650, "email": "hresso@hresso.is", "types": [6], "description": ""}}, {"pk": 17, "model": "restaurants.restaurant", "fields": {"website": "http://hroihottur.is", "city": "Reykjav\u00edk", "name": "Hr\u00f3i H\u00f6ttur", "zip": 107, "created": "2010-02-10 16:10:53", "pricegroup": 1, "phone": "5629292", "address": "Hringbraut 119", "lat": 64150333, "lng": -21960316, "email": "hroihottur@centrum.is", "types": [24], "description": ""}}, {"pk": 13, "model": "restaurants.restaurant", "fields": {"website": "www.humarskipid.is", "city": "Reykjav\u00edk", "name": "Humarskipi\u00f0", "zip": 101, "created": "2010-02-10 16:08:35", "pricegroup": 2, "phone": "562 2300", "address": "Su\u00f0urbugt", "lat": 64150883, "lng": -21942116, "email": "info@humarskipid.is", "types": [13, 27], "description": ""}}, {"pk": 11, "model": "restaurants.restaurant", "fields": {"website": "www.allseasonhotels.is", "city": "Hella", "name": "H\u00f3tel Rang\u00e1", "zip": 851, "created": "2010-02-10 16:05:43", "pricegroup": 3, "phone": "487 5700", "address": "V/Su\u00f0urlandsveg", "lat": 63830550, "lng": -20422300, "email": "hotelranga@hotelranga.is", "types": [10], "description": ""}}, {"pk": 12, "model": "restaurants.restaurant", "fields": {"website": "www.hotel-ork.is", "city": "Hverager\u00f0i", "name": "H\u00f3tel \u00d6rk", "zip": 810, "created": "2010-02-10 16:06:42", "pricegroup": 2, "phone": "354 483", "address": "Brei\u00f0um\u00f6rk 1c", "lat": 63997333, "lng": -21192333, "email": "info@hotel-ork.is", "types": [10], "description": ""}}, {"pk": 18, "model": "restaurants.restaurant", "fields": {"website": "http://www.osushi.is", "city": "Reykjav\u00edk", "name": "Osushi The Train", "zip": 101, "created": "2010-02-10 16:11:25", "pricegroup": 2, "phone": "561 0562", "address": "L\u00e6kjarg\u00f6tu 2a", "lat": 64147100, "lng": -21937133, "email": "osushi@osushi.is", "types": [34], "description": ""}}, {"pk": 74, "model": "admin.logentry", "fields": {"action_flag": 2, "action_time": "2010-02-10 16:14:47", "object_repr": "Osushi The Train", "object_id": "18", "change_message": "Changed types.", "user": 1, "content_type": 11}}, {"pk": 73, "model": "admin.logentry", "fields": {"action_flag": 1, "action_time": "2010-02-10 16:14:44", "object_repr": "Sushi", "object_id": "34", "change_message": "", "user": 1, "content_type": 10}}, {"pk": 72, "model": "admin.logentry", "fields": {"action_flag": 2, "action_time": "2010-02-10 16:14:30", "object_repr": "H\u00f3tel \u00d6rk", "object_id": "12", "change_message": "Changed types.", "user": 1, "content_type": 11}}, {"pk": 71, "model": "admin.logentry", "fields": {"action_flag": 2, "action_time": "2010-02-10 16:14:12", "object_repr": "H\u00f3tel Rang\u00e1", "object_id": "11", "change_message": "Changed types.", "user": 1, "content_type": 11}}, {"pk": 70, "model": "admin.logentry", "fields": {"action_flag": 2, "action_time": "2010-02-10 16:14:04", "object_repr": "Humarskipi\u00f0", "object_id": "13", "change_message": "Changed types.", "user": 1, "content_type": 11}}, {"pk": 69, "model": "admin.logentry", "fields": {"action_flag": 2, "action_time": "2010-02-10 16:13:47", "object_repr": "Hr\u00f3i H\u00f6ttur", "object_id": "17", "change_message": "Changed types.", "user": 1, "content_type": 11}}, {"pk": 68, "model": "admin.logentry", "fields": {"action_flag": 2, "action_time": "2010-02-10 16:13:05", "object_repr": "Hressingarsk\u00e1linn", "object_id": "14", "change_message": "Changed types.", "user": 1, "content_type": 11}}, {"pk": 67, "model": "admin.logentry", "fields": {"action_flag": 2, "action_time": "2010-02-10 16:12:50", "object_repr": "Hereford steikh\u00fas", "object_id": "16", "change_message": "Changed types.", "user": 1, "content_type": 11}}, {"pk": 66, "model": "admin.logentry", "fields": {"action_flag": 2, "action_time": "2010-02-10 16:12:27", "object_repr": "Hamborgarab\u00falla T\u00f3masar", "object_id": "15", "change_message": "Changed types.", "user": 1, "content_type": 11}}, {"pk": 65, "model": "admin.logentry", "fields": {"action_flag": 2, "action_time": "2010-02-10 16:12:16", "object_repr": "Grilli\u00f0", "object_id": "10", "change_message": "Changed types.", "user": 1, "content_type": 11}}, {"pk": 64, "model": "admin.logentry", "fields": {"action_flag": 2, "action_time": "2010-02-10 16:11:59", "object_repr": "Gallery Restaurant, H\u00f3tel Holti", "object_id": "9", "change_message": "Changed types.", "user": 1, "content_type": 11}}, {"pk": 63, "model": "admin.logentry", "fields": {"action_flag": 2, "action_time": "2010-02-10 16:11:26", "object_repr": "Fjalak\u00f6tturinn", "object_id": "7", "change_message": "Changed types.", "user": 1, "content_type": 11}}, {"pk": 62, "model": "admin.logentry", "fields": {"action_flag": 2, "action_time": "2010-02-10 16:10:39", "object_repr": "Fiskmarka\u00f0urinn", "object_id": "6", "change_message": "Changed types.", "user": 1, "content_type": 11}}, {"pk": 61, "model": "admin.logentry", "fields": {"action_flag": 2, "action_time": "2010-02-10 16:10:31", "object_repr": "Einar Ben", "object_id": "5", "change_message": "Changed types.", "user": 1, "content_type": 11}}, {"pk": 60, "model": "admin.logentry", "fields": {"action_flag": 2, "action_time": "2010-02-10 16:07:18", "object_repr": "Caruso", "object_id": "4", "change_message": "Changed types.", "user": 1, "content_type": 11}}, {"pk": 59, "model": "admin.logentry", "fields": {"action_flag": 2, "action_time": "2010-02-10 16:06:58", "object_repr": "Cafe Par\u00eds", "object_id": "3", "change_message": "Changed types.", "user": 1, "content_type": 11}}, {"pk": 58, "model": "admin.logentry", "fields": {"action_flag": 2, "action_time": "2010-02-10 16:06:44", "object_repr": "Austur Ind\u00edaf\u00e9lagi\u00f0", "object_id": "2", "change_message": "Changed types.", "user": 1, "content_type": 11}}, {"pk": 57, "model": "admin.logentry", "fields": {"action_flag": 2, "action_time": "2010-02-10 16:06:33", "object_repr": "Argent\u00edna", "object_id": "1", "change_message": "Changed types.", "user": 1, "content_type": 11}}, {"pk": 56, "model": "admin.logentry", "fields": {"action_flag": 1, "action_time": "2010-02-10 16:01:10", "object_repr": "Vegetarian", "object_id": "33", "change_message": "", "user": 1, "content_type": 10}}, {"pk": 55, "model": "admin.logentry", "fields": {"action_flag": 1, "action_time": "2010-02-10 16:01:05", "object_repr": "Thai", "object_id": "32", "change_message": "", "user": 1, "content_type": 10}}, {"pk": 54, "model": "admin.logentry", "fields": {"action_flag": 1, "action_time": "2010-02-10 16:01:01", "object_repr": "Taverns", "object_id": "31", "change_message": "", "user": 1, "content_type": 10}}, {"pk": 53, "model": "admin.logentry", "fields": {"action_flag": 1, "action_time": "2010-02-10 16:00:58", "object_repr": "Take-out", "object_id": "30", "change_message": "", "user": 1, "content_type": 10}}, {"pk": 52, "model": "admin.logentry", "fields": {"action_flag": 1, "action_time": "2010-02-10 16:00:54", "object_repr": "Steakhouse", "object_id": "29", "change_message": "", "user": 1, "content_type": 10}}, {"pk": 51, "model": "admin.logentry", "fields": {"action_flag": 1, "action_time": "2010-02-10 16:00:51", "object_repr": "Steak", "object_id": "28", "change_message": "", "user": 1, "content_type": 10}}, {"pk": 50, "model": "admin.logentry", "fields": {"action_flag": 1, "action_time": "2010-02-10 16:00:47", "object_repr": "Seafood", "object_id": "27", "change_message": "", "user": 1, "content_type": 10}}, {"pk": 49, "model": "admin.logentry", "fields": {"action_flag": 1, "action_time": "2010-02-10 16:00:43", "object_repr": "Sandwich", "object_id": "26", "change_message": "", "user": 1, "content_type": 10}}, {"pk": 48, "model": "admin.logentry", "fields": {"action_flag": 1, "action_time": "2010-02-10 16:00:40", "object_repr": "Pub", "object_id": "25", "change_message": "", "user": 1, "content_type": 10}}, {"pk": 47, "model": "admin.logentry", "fields": {"action_flag": 1, "action_time": "2010-02-10 16:00:36", "object_repr": "Pizza", "object_id": "24", "change_message": "", "user": 1, "content_type": 10}}, {"pk": 46, "model": "admin.logentry", "fields": {"action_flag": 1, "action_time": "2010-02-10 16:00:33", "object_repr": "Mexican", "object_id": "23", "change_message": "", "user": 1, "content_type": 10}}, {"pk": 45, "model": "admin.logentry", "fields": {"action_flag": 1, "action_time": "2010-02-10 16:00:29", "object_repr": "Juice Bar", "object_id": "22", "change_message": "", "user": 1, "content_type": 10}}, {"pk": 44, "model": "admin.logentry", "fields": {"action_flag": 1, "action_time": "2010-02-10 16:00:25", "object_repr": "Japanese", "object_id": "21", "change_message": "", "user": 1, "content_type": 10}}, {"pk": 43, "model": "admin.logentry", "fields": {"action_flag": 1, "action_time": "2010-02-10 16:00:22", "object_repr": "Italian", "object_id": "20", "change_message": "", "user": 1, "content_type": 10}}, {"pk": 42, "model": "admin.logentry", "fields": {"action_flag": 1, "action_time": "2010-02-10 16:00:19", "object_repr": "Indian", "object_id": "19", "change_message": "", "user": 1, "content_type": 10}}, {"pk": 41, "model": "admin.logentry", "fields": {"action_flag": 1, "action_time": "2010-02-10 16:00:14", "object_repr": "Ice cream", "object_id": "18", "change_message": "", "user": 1, "content_type": 10}}, {"pk": 40, "model": "admin.logentry", "fields": {"action_flag": 1, "action_time": "2010-02-10 16:00:10", "object_repr": "Hot Dog", "object_id": "17", "change_message": "", "user": 1, "content_type": 10}}, {"pk": 39, "model": "admin.logentry", "fields": {"action_flag": 1, "action_time": "2010-02-10 16:00:06", "object_repr": "Health food", "object_id": "16", "change_message": "", "user": 1, "content_type": 10}}, {"pk": 38, "model": "admin.logentry", "fields": {"action_flag": 1, "action_time": "2010-02-10 16:00:01", "object_repr": "Hamburger", "object_id": "15", "change_message": "", "user": 1, "content_type": 10}}, {"pk": 37, "model": "admin.logentry", "fields": {"action_flag": 1, "action_time": "2010-02-10 15:59:58", "object_repr": "Grilled", "object_id": "14", "change_message": "", "user": 1, "content_type": 10}}, {"pk": 36, "model": "admin.logentry", "fields": {"action_flag": 1, "action_time": "2010-02-10 15:59:54", "object_repr": "Fish", "object_id": "13", "change_message": "", "user": 1, "content_type": 10}}, {"pk": 35, "model": "admin.logentry", "fields": {"action_flag": 1, "action_time": "2010-02-10 15:59:51", "object_repr": "Fast food", "object_id": "12", "change_message": "", "user": 1, "content_type": 10}}, {"pk": 34, "model": "admin.logentry", "fields": {"action_flag": 1, "action_time": "2010-02-10 15:59:47", "object_repr": "Drive-in", "object_id": "11", "change_message": "", "user": 1, "content_type": 10}}, {"pk": 33, "model": "admin.logentry", "fields": {"action_flag": 1, "action_time": "2010-02-10 15:59:44", "object_repr": "Diner", "object_id": "10", "change_message": "", "user": 1, "content_type": 10}}, {"pk": 32, "model": "admin.logentry", "fields": {"action_flag": 1, "action_time": "2010-02-10 15:59:38", "object_repr": "Coffeehouse", "object_id": "9", "change_message": "", "user": 1, "content_type": 10}}, {"pk": 31, "model": "admin.logentry", "fields": {"action_flag": 1, "action_time": "2010-02-10 15:59:34", "object_repr": "Chinese", "object_id": "8", "change_message": "", "user": 1, "content_type": 10}}, {"pk": 30, "model": "admin.logentry", "fields": {"action_flag": 1, "action_time": "2010-02-10 15:59:30", "object_repr": "Chicken", "object_id": "7", "change_message": "", "user": 1, "content_type": 10}}, {"pk": 29, "model": "admin.logentry", "fields": {"action_flag": 1, "action_time": "2010-02-10 15:59:26", "object_repr": "Casual", "object_id": "6", "change_message": "", "user": 1, "content_type": 10}}, {"pk": 28, "model": "admin.logentry", "fields": {"action_flag": 2, "action_time": "2010-02-10 15:59:12", "object_repr": "Caf\u00e9", "object_id": "5", "change_message": "Changed name.", "user": 1, "content_type": 10}}, {"pk": 27, "model": "admin.logentry", "fields": {"action_flag": 1, "action_time": "2010-02-10 15:59:02", "object_repr": "Caf", "object_id": "5", "change_message": "", "user": 1, "content_type": 10}}, {"pk": 26, "model": "admin.logentry", "fields": {"action_flag": 1, "action_time": "2010-02-10 15:58:57", "object_repr": "Buffet", "object_id": "4", "change_message": "", "user": 1, "content_type": 10}}, {"pk": 25, "model": "admin.logentry", "fields": {"action_flag": 1, "action_time": "2010-02-10 15:58:54", "object_repr": "Bistro", "object_id": "3", "change_message": "", "user": 1, "content_type": 10}}, {"pk": 24, "model": "admin.logentry", "fields": {"action_flag": 1, "action_time": "2010-02-10 15:58:50", "object_repr": "Barbecue", "object_id": "2", "change_message": "", "user": 1, "content_type": 10}}, {"pk": 23, "model": "admin.logentry", "fields": {"action_flag": 1, "action_time": "2010-02-10 15:58:46", "object_repr": "Bakery", "object_id": "1", "change_message": "", "user": 1, "content_type": 10}}, {"pk": 22, "model": "admin.logentry", "fields": {"action_flag": 1, "action_time": "2010-02-10 15:58:06", "object_repr": "Osushi The Train", "object_id": "18", "change_message": "", "user": 1, "content_type": 11}}, {"pk": 21, "model": "admin.logentry", "fields": {"action_flag": 1, "action_time": "2010-02-10 15:57:31", "object_repr": "Hr\u00f3i H\u00f6ttur", "object_id": "17", "change_message": "", "user": 1, "content_type": 11}}, {"pk": 20, "model": "admin.logentry", "fields": {"action_flag": 1, "action_time": "2010-02-10 15:56:59", "object_repr": "Hereford steikh\u00fas", "object_id": "16", "change_message": "", "user": 1, "content_type": 11}}, {"pk": 19, "model": "admin.logentry", "fields": {"action_flag": 1, "action_time": "2010-02-10 15:56:22", "object_repr": "Hamborgarab\u00falla T\u00f3masar", "object_id": "15", "change_message": "", "user": 1, "content_type": 11}}, {"pk": 18, "model": "admin.logentry", "fields": {"action_flag": 1, "action_time": "2010-02-10 15:55:49", "object_repr": "Hressingarsk\u00e1linn", "object_id": "14", "change_message": "", "user": 1, "content_type": 11}}, {"pk": 17, "model": "admin.logentry", "fields": {"action_flag": 1, "action_time": "2010-02-10 15:55:15", "object_repr": "Humarskipi\u00f0", "object_id": "13", "change_message": "", "user": 1, "content_type": 11}}, {"pk": 16, "model": "admin.logentry", "fields": {"action_flag": 1, "action_time": "2010-02-10 15:53:23", "object_repr": "H\u00f3tel \u00d6rk", "object_id": "12", "change_message": "", "user": 1, "content_type": 11}}, {"pk": 15, "model": "admin.logentry", "fields": {"action_flag": 1, "action_time": "2010-02-10 15:52:23", "object_repr": "H\u00f3tel Rang\u00e1", "object_id": "11", "change_message": "", "user": 1, "content_type": 11}}, {"pk": 14, "model": "admin.logentry", "fields": {"action_flag": 1, "action_time": "2010-02-10 15:51:49", "object_repr": "Grilli\u00f0", "object_id": "10", "change_message": "", "user": 1, "content_type": 11}}, {"pk": 13, "model": "admin.logentry", "fields": {"action_flag": 1, "action_time": "2010-02-10 15:51:12", "object_repr": "Gallery Restaurant, H\u00f3tel Holti", "object_id": "9", "change_message": "", "user": 1, "content_type": 11}}, {"pk": 12, "model": "admin.logentry", "fields": {"action_flag": 1, "action_time": "2010-02-10 15:50:40", "object_repr": "Fri\u00f0rik V. Brasserie", "object_id": "8", "change_message": "", "user": 1, "content_type": 11}}, {"pk": 11, "model": "admin.logentry", "fields": {"action_flag": 1, "action_time": "2010-02-10 15:50:06", "object_repr": "Fjalak\u00f6tturinn", "object_id": "7", "change_message": "", "user": 1, "content_type": 11}}, {"pk": 10, "model": "admin.logentry", "fields": {"action_flag": 1, "action_time": "2010-02-10 15:44:13", "object_repr": "Fiskmarka\u00f0urinn", "object_id": "6", "change_message": "", "user": 1, "content_type": 11}}, {"pk": 9, "model": "admin.logentry", "fields": {"action_flag": 1, "action_time": "2010-02-10 15:43:36", "object_repr": "Einar Ben", "object_id": "5", "change_message": "", "user": 1, "content_type": 11}}, {"pk": 8, "model": "admin.logentry", "fields": {"action_flag": 1, "action_time": "2010-02-10 15:42:54", "object_repr": "Caruso", "object_id": "4", "change_message": "", "user": 1, "content_type": 11}}, {"pk": 7, "model": "admin.logentry", "fields": {"action_flag": 1, "action_time": "2010-02-10 15:42:06", "object_repr": "Pricegroup 3", "object_id": "3", "change_message": "", "user": 1, "content_type": 9}}, {"pk": 6, "model": "admin.logentry", "fields": {"action_flag": 1, "action_time": "2010-02-10 15:42:00", "object_repr": "Pricegroup 2", "object_id": "2", "change_message": "", "user": 1, "content_type": 9}}, {"pk": 5, "model": "admin.logentry", "fields": {"action_flag": 2, "action_time": "2010-02-10 15:41:52", "object_repr": "Pricegroup 1", "object_id": "1", "change_message": "Changed name.", "user": 1, "content_type": 9}}, {"pk": 4, "model": "admin.logentry", "fields": {"action_flag": 1, "action_time": "2010-02-10 15:41:33", "object_repr": "Cafe Par\u00eds", "object_id": "3", "change_message": "", "user": 1, "content_type": 11}}, {"pk": 3, "model": "admin.logentry", "fields": {"action_flag": 1, "action_time": "2010-02-10 15:40:58", "object_repr": "Austur Ind\u00edaf\u00e9lagi\u00f0", "object_id": "2", "change_message": "", "user": 1, "content_type": 11}}, {"pk": 2, "model": "admin.logentry", "fields": {"action_flag": 1, "action_time": "2010-02-10 15:40:14", "object_repr": "Argent\u00edna", "object_id": "1", "change_message": "", "user": 1, "content_type": 11}}, {"pk": 1, "model": "admin.logentry", "fields": {"action_flag": 1, "action_time": "2010-02-10 15:39:57", "object_repr": "Pricegroup 3", "object_id": "1", "change_message": "", "user": 1, "content_type": 9}}]
